,Geographic Area,Cities,States,"city, st",Type,2020-04-01 Base Population,2020-06-01 Population,2021-06-01 Population,location,longitude,latitude,prominence,Larger Area,Larger Cities
0,".New York-Newark-Jersey City, NY-NJ-PA Metro Area",New York-Newark-Jersey City,NY-NJ-PA,"New York, NY",Metro Area,20140470,20096413,19768458,"City of New York, New York, United States",-74.0060152,40.7127281,inf,".New York-Newark-Jersey City, NY-NJ-PA Metro Area",New York-Newark-Jersey City
1,".Los Angeles-Long Beach-Anaheim, CA Metro Area",Los Angeles-Long Beach-Anaheim,CA,"Los Angeles, CA",Metro Area,13200998,13173266,12997353,"Los Angeles, Los Angeles County, CAL Fire Southern Region, California, United States",-118.242766,34.0536909,3944.275348966509,".New York-Newark-Jersey City, NY-NJ-PA Metro Area",New York-Newark-Jersey City
2,".Chicago-Naperville-Elgin, IL-IN-WI Metro Area",Chicago-Naperville-Elgin,IL-IN-WI,"Chicago, IL",Metro Area,9618502,9601605,9509934,"Chicago, Cook County, Illinois, United States",-87.6244212,41.8755616,1146.7355698523083,".New York-Newark-Jersey City, NY-NJ-PA Metro Area",New York-Newark-Jersey City
3,".Dallas-Fort Worth-Arlington, TX Metro Area",Dallas-Fort Worth-Arlington,TX,"Dallas, TX",Metro Area,7637387,7662325,7759615,"Dallas, Dallas County, Texas, United States",-96.7968559,32.7762719,1294.7628809401674,".Chicago-Naperville-Elgin, IL-IN-WI Metro Area",Chicago-Naperville-Elgin
4,".Houston-The Woodlands-Sugar Land, TX Metro Area",Houston-The Woodlands-Sugar Land,TX,"Houston, TX",Metro Area,7122240,7137747,7206841,"Houston, Harris County, Texas, United States",-95.3676974,29.7589382,361.1594077288484,".Dallas-Fort Worth-Arlington, TX Metro Area",Dallas-Fort Worth-Arlington
5,".Washington-Arlington-Alexandria, DC-VA-MD-WV Metro Area",Washington-Arlington-Alexandria,DC-VA-MD-WV,"Washington, DC",Metro Area,6385162,6385714,6356434,"Washington, District of Columbia, United States",-77.0365427,38.8950368,328.7275182917692,".New York-Newark-Jersey City, NY-NJ-PA Metro Area",New York-Newark-Jersey City
6,".Philadelphia-Camden-Wilmington, PA-NJ-DE-MD Metro Area",Philadelphia-Camden-Wilmington,PA-NJ-DE-MD,"Philadelphia, PA",Metro Area,6245051,6241983,6228601,"Philadelphia, Philadelphia County, Pennsylvania, United States",-75.1635262,39.9527237,129.60181091014726,".New York-Newark-Jersey City, NY-NJ-PA Metro Area",New York-Newark-Jersey City
7,".Atlanta-Sandy Springs-Alpharetta, GA Metro Area",Atlanta-Sandy Springs-Alpharetta,GA,"Atlanta, GA",Metro Area,6089815,6101146,6144050,"Atlanta, Fulton County, Georgia, 30303, United States",-84.3902644,33.7489924,872.4315734020436,".Washington-Arlington-Alexandria, DC-VA-MD-WV Metro Area",Washington-Arlington-Alexandria
8,".Miami-Fort Lauderdale-Pompano Beach, FL Metro Area",Miami-Fort Lauderdale-Pompano Beach,FL,"Miami, FL",Metro Area,6138333,6126441,6091747,"Miami, Miami-Dade County, Florida, United States",-80.19362,25.7741728,972.4494372160073,".Atlanta-Sandy Springs-Alpharetta, GA Metro Area",Atlanta-Sandy Springs-Alpharetta
9,".Phoenix-Mesa-Chandler, AZ Metro Area",Phoenix-Mesa-Chandler,AZ,"Phoenix, AZ",Metro Area,4845832,4867925,4946145,"Phoenix, Maricopa County, Arizona, United States",-112.074141,33.4484367,575.3824785733824,".Los Angeles-Long Beach-Anaheim, CA Metro Area",Los Angeles-Long Beach-Anaheim
10,".Boston-Cambridge-Newton, MA-NH Metro Area",Boston-Cambridge-Newton,MA-NH,"Boston, MA",Metro Area,4941632,4936511,4899932,"Boston, Suffolk County, Massachusetts, United States",-71.060511,42.3554334,306.08652177057303,".New York-Newark-Jersey City, NY-NJ-PA Metro Area",New York-Newark-Jersey City
11,".Riverside-San Bernardino-Ontario, CA Metro Area",Riverside-San Bernardino-Ontario,CA,"Riverside, CA",Metro Area,4599839,4605504,4653105,"Riverside, Riverside County, California, United States",-117.3961623,33.9533546,78.99774583215628,".Los Angeles-Long Beach-Anaheim, CA Metro Area",Los Angeles-Long Beach-Anaheim
12,".San Francisco-Oakland-Berkeley, CA Metro Area",San Francisco-Oakland-Berkeley,CA,"San Francisco, CA",Metro Area,4749008,4739649,4623264,"San Francisco, CAL Fire Northern Region, California, United States",-122.419906,37.7790262,559.3369112665675,".Los Angeles-Long Beach-Anaheim, CA Metro Area",Los Angeles-Long Beach-Anaheim
13,".Detroit-Warren-Dearborn, MI Metro Area",Detroit-Warren-Dearborn,MI,"Detroit, MI",Metro Area,4392041,4385748,4365205,"Detroit, Wayne County, Michigan, United States",-83.0466403,42.3315509,381.9811596314159,".Chicago-Naperville-Elgin, IL-IN-WI Metro Area",Chicago-Naperville-Elgin
14,".Seattle-Tacoma-Bellevue, WA Metro Area",Seattle-Tacoma-Bellevue,WA,"Seattle, WA",Metro Area,4018762,4024730,4011553,"Seattle, King County, Washington, United States",-122.330062,47.6038321,1091.43253457483,".San Francisco-Oakland-Berkeley, CA Metro Area",San Francisco-Oakland-Berkeley
15,".Minneapolis-St. Paul-Bloomington, MN-WI Metro Area",Minneapolis-St Paul-Bloomington,MN-WI,"Minneapolis, MN",Metro Area,3690261,3692421,3690512,"Minneapolis, Hennepin County, Minnesota, United States",-93.2654692,44.9772995,571.9581870978099,".Chicago-Naperville-Elgin, IL-IN-WI Metro Area",Chicago-Naperville-Elgin
16,".San Diego-Chula Vista-Carlsbad, CA Metro Area",San Diego-Chula Vista-Carlsbad,CA,"San Diego, CA",Metro Area,3298634,3297252,3286069,"San Diego, San Diego County, California, United States",-117.1627728,32.7174202,138.78926442613243,".Riverside-San Bernardino-Ontario, CA Metro Area",Riverside-San Bernardino-Ontario
17,".Tampa-St. Petersburg-Clearwater, FL Metro Area",Tampa-St Petersburg-Clearwater,FL,"Tampa, FL",Metro Area,3175275,3183385,3219514,"Tampa, Hillsborough County, Florida, United States",-82.458444,27.9477595,329.6163265248077,".Miami-Fort Lauderdale-Pompano Beach, FL Metro Area",Miami-Fort Lauderdale-Pompano Beach
18,".Denver-Aurora-Lakewood, CO Metro Area",Denver-Aurora-Lakewood,CO,"Denver, CO",Metro Area,2963821,2969289,2972566,"Denver, Colorado, United States",-104.984862,39.7392364,942.6026077710122,".Phoenix-Mesa-Chandler, AZ Metro Area",Phoenix-Mesa-Chandler
19,".Baltimore-Columbia-Towson, MD Metro Area",Baltimore-Columbia-Towson,MD,"Baltimore, MD",Metro Area,2844510,2841691,2838327,"Baltimore, Maryland, United States",-76.610759,39.2908816,57.34172642078811,".Washington-Arlington-Alexandria, DC-VA-MD-WV Metro Area",Washington-Arlington-Alexandria
20,".St. Louis, MO-IL Metro Area",St Louis,MO-IL,"St Louis, MO",Metro Area,2820253,2818267,2809299,"Saint Louis, Missouri, United States",-90.2428756,38.6319657,423.4402656076064,".Chicago-Naperville-Elgin, IL-IN-WI Metro Area",Chicago-Naperville-Elgin
21,".Charlotte-Concord-Gastonia, NC-SC Metro Area",Charlotte-Concord-Gastonia,NC-SC,"Charlotte, NC",Metro Area,2660329,2669665,2701046,"Charlotte, Mecklenburg County, North Carolina, United States",-80.8430827,35.2272086,364.7228037381553,".Atlanta-Sandy Springs-Alpharetta, GA Metro Area",Atlanta-Sandy Springs-Alpharetta
22,".Orlando-Kissimmee-Sanford, FL Metro Area",Orlando-Kissimmee-Sanford,FL,"Orlando, FL",Metro Area,2673376,2677687,2691925,"Orlando, Orange County, Florida, United States",-81.3790304,28.5421109,124.7395192278828,".Tampa-St. Petersburg-Clearwater, FL Metro Area",Tampa-St Petersburg-Clearwater
23,".San Antonio-New Braunfels, TX Metro Area",San Antonio-New Braunfels,TX,"San Antonio, TX",Metro Area,2558143,2566683,2601788,"San Antonio, Bexar County, Texas, United States",-98.4951405,29.4246002,305.2309057652728,".Houston-The Woodlands-Sugar Land, TX Metro Area",Houston-The Woodlands-Sugar Land
24,".Portland-Vancouver-Hillsboro, OR-WA Metro Area",Portland-Vancouver-Hillsboro,OR-WA,"Portland, OR",Metro Area,2512859,2516230,2511612,"Portland, Multnomah County, Oregon, United States",-122.674194,45.5202471,233.11352369203422,".Seattle-Tacoma-Bellevue, WA Metro Area",Seattle-Tacoma-Bellevue
25,".Sacramento-Roseville-Folsom, CA Metro Area",Sacramento-Roseville-Folsom,CA,"Sacramento, CA",Metro Area,2397382,2399351,2411428,"Sacramento, Sacramento County, CAL Fire Northern Region, California, United States",-121.493895,38.5810606,120.4493165192968,".San Francisco-Oakland-Berkeley, CA Metro Area",San Francisco-Oakland-Berkeley
26,".Pittsburgh, PA Metro Area",Pittsburgh,PA,"Pittsburgh, PA",Metro Area,2370930,2367293,2353538,"Pittsburgh, Allegheny County, Pennsylvania, United States",-79.9900861,40.4416941,306.1010697071493,".Washington-Arlington-Alexandria, DC-VA-MD-WV Metro Area",Washington-Arlington-Alexandria
27,".Austin-Round Rock-Georgetown, TX Metro Area",Austin-Round Rock-Georgetown,TX,"Austin, TX",Metro Area,2283371,2299125,2352426,"Austin, Travis County, Texas, United States",-97.7436995,30.2711286,118.6511162466002,".San Antonio-New Braunfels, TX Metro Area",San Antonio-New Braunfels
28,".Las Vegas-Henderson-Paradise, NV Metro Area",Las Vegas-Henderson-Paradise,NV,"Las Vegas, NV",Metro Area,2265461,2273386,2292476,"Las Vegas, Clark County, Nevada, United States",-115.148516,36.1672559,319.92183528440586,".Riverside-San Bernardino-Ontario, CA Metro Area",Riverside-San Bernardino-Ontario
29,".Cincinnati, OH-KY-IN Metro Area",Cincinnati,OH-KY-IN,"Cincinnati, OH",Metro Area,2256884,2257667,2259935,"Cincinnati, Hamilton County, Ohio, United States",-84.5124602,39.1014537,379.46032692348916,".Detroit-Warren-Dearborn, MI Metro Area",Detroit-Warren-Dearborn
30,".Kansas City, MO-KS Metro Area",Kansas City,MO-KS,"Kansas City, MO",Metro Area,2192035,2193578,2199490,"Kansas City, Jackson County, Missouri, United States",-94.5781416,39.100105,379.78969542283994,".St. Louis, MO-IL Metro Area",St Louis
31,".Columbus, OH Metro Area",Columbus,OH,"Columbus, OH",Metro Area,2138926,2141042,2151017,"Columbus, Franklin County, Ohio, United States",-83.0007065,39.9622601,161.32331921984527,".Cincinnati, OH-KY-IN Metro Area",Cincinnati
32,".Indianapolis-Carmel-Anderson, IN Metro Area",Indianapolis-Carmel-Anderson,IN,"Indianapolis, IN",Metro Area,2111040,2113700,2126804,"Indianapolis, Marion County, Indiana, United States",-86.1583502,39.7683331,159.87390083815544,".Cincinnati, OH-KY-IN Metro Area",Cincinnati
33,".Cleveland-Elyria, OH Metro Area",Cleveland-Elyria,OH,"Cleveland, OH",Metro Area,2088251,2085357,2075662,"Cleveland, Cuyahoga County, Ohio, United States",-81.6936772,41.4996574,145.378717002587,".Detroit-Warren-Dearborn, MI Metro Area",Detroit-Warren-Dearborn
34,".Nashville-Davidson--Murfreesboro--Franklin, TN Metro Area",Nashville-Davidson--Murfreesboro--Franklin,TN,"Nashville, TN",Metro Area,1989519,1995343,2012476,"Nashville-Davidson, Davidson County, Tennessee, United States",-86.7742984,36.1622767,345.0726880016298,".Atlanta-Sandy Springs-Alpharetta, GA Metro Area",Atlanta-Sandy Springs-Alpharetta
35,".San Jose-Sunnyvale-Santa Clara, CA Metro Area",San Jose-Sunnyvale-Santa Clara,CA,"San Jose, CA",Metro Area,2000468,1995105,1952185,"San Jose, Santa Clara County, CAL Fire Northern Region, California, United States",-121.890591,37.3361663,67.8471473777406,".San Francisco-Oakland-Berkeley, CA Metro Area",San Francisco-Oakland-Berkeley
36,".Virginia Beach-Norfolk-Newport News, VA-NC Metro Area",Virginia Beach-Norfolk-Newport News,VA-NC,"Virginia Beach, VA",Metro Area,1799674,1800081,1803328,"Virginia Beach, Virginia, United States",-75.9774183,36.8529841,245.05821455727522,".Washington-Arlington-Alexandria, DC-VA-MD-WV Metro Area",Washington-Arlington-Alexandria
37,".Providence-Warwick, RI-MA Metro Area",Providence-Warwick,RI-MA,"Providence, RI",Metro Area,1676579,1675401,1675774,"Providence, Providence County, Rhode Island, United States",-71.4128343,41.8239891,65.83477776118761,".Boston-Cambridge-Newton, MA-NH Metro Area",Boston-Cambridge-Newton
38,".Jacksonville, FL Metro Area",Jacksonville,FL,"Jacksonville, FL",Metro Area,1605848,1611388,1637666,"Jacksonville, Duval County, Florida, United States",-81.655651,30.3321838,200.22389323299333,".Orlando-Kissimmee-Sanford, FL Metro Area",Orlando-Kissimmee-Sanford
39,".Milwaukee-Waukesha, WI Metro Area",Milwaukee-Waukesha,WI,"Milwaukee, WI",Metro Area,1574731,1573598,1566487,"Milwaukee, Milwaukee County, Wisconsin, United States",-87.922497,43.0349931,131.10499631386125,".Chicago-Naperville-Elgin, IL-IN-WI Metro Area",Chicago-Naperville-Elgin
40,".Raleigh-Cary, NC Metro Area",Raleigh-Cary,NC,"Raleigh, NC",Metro Area,1413982,1420225,1448411,"Raleigh, Wake County, North Carolina, United States",-78.6390989,35.7803977,209.15847834029307,".Charlotte-Concord-Gastonia, NC-SC Metro Area",Charlotte-Concord-Gastonia
41,".Oklahoma City, OK Metro Area",Oklahoma City,OK,"Oklahoma City, OK",Metro Area,1425695,1428709,1441647,"Oklahoma City, Oklahoma County, Oklahoma, United States",-97.5170536,35.4729886,306.4185415650084,".Dallas-Fort Worth-Arlington, TX Metro Area",Dallas-Fort Worth-Arlington
42,".Memphis, TN-MS-AR Metro Area",Memphis,TN-MS-AR,"Memphis, TN",Metro Area,1337779,1337311,1336103,"Memphis, Shelby County, West Tennessee, Tennessee, United States",-89.9668758,35.1335022,310.8238233235142,".Nashville-Davidson--Murfreesboro--Franklin, TN Metro Area",Nashville-Davidson--Murfreesboro--Franklin
43,".Richmond, VA Metro Area",Richmond,VA,"Richmond, VA",Metro Area,1314434,1315734,1324062,"Richmond, Virginia, United States",-77.43428,37.5385087,150.05785652084145,".Virginia Beach-Norfolk-Newport News, VA-NC Metro Area",Virginia Beach-Norfolk-Newport News
44,".Louisville/Jefferson County, KY-IN Metro Area",Louisville-Jefferson County,KY-IN,"Louisville, KY",Metro Area,1285439,1285058,1284566,"Louisville, Jefferson County, Kentucky, United States",-85.759407,38.2542376,143.5899580221424,".Cincinnati, OH-KY-IN Metro Area",Cincinnati
45,".Salt Lake City, UT Metro Area",Salt Lake City,UT,"Salt Lake City, UT",Metro Area,1257936,1259517,1263061,"Salt Lake City, Salt Lake County, Utah, United States",-111.8867975,40.7596198,583.7611164984801,".Las Vegas-Henderson-Paradise, NV Metro Area",Las Vegas-Henderson-Paradise
46,".New Orleans-Metairie, LA Metro Area",New Orleans-Metairie,LA,"New Orleans, LA",Metro Area,1271845,1270366,1261726,"New Orleans, Orleans Parish, Louisiana, United States",-90.0782127,29.9759983,511.56001513379925,".Houston-The Woodlands-Sugar Land, TX Metro Area",Houston-The Woodlands-Sugar Land
47,".Hartford-East Hartford-Middletown, CT Metro Area",Hartford-East Hartford-Middletown,CT,"Hartford, CT",Metro Area,1213531,1211505,1211906,"Hartford, Hartford County, Connecticut, United States",-72.6908547,41.764582,106.42905367293923,".Providence-Warwick, RI-MA Metro Area",Providence-Warwick
48,".Buffalo-Cheektowaga, NY Metro Area",Buffalo-Cheektowaga,NY,"Buffalo, NY",Metro Area,1166902,1165506,1162336,"Buffalo, Erie County, New York, United States",-78.8783922,42.8867166,278.9251753308575,".Cleveland-Elyria, OH Metro Area",Cleveland-Elyria
49,".Birmingham-Hoover, AL Metro Area",Birmingham-Hoover,AL,"Birmingham, AL",Metro Area,1115289,1114710,1114262,"Birmingham, Jefferson County, Alabama, United States",-86.8024326,33.5206824,225.21942693870383,".Atlanta-Sandy Springs-Alpharetta, GA Metro Area",Atlanta-Sandy Springs-Alpharetta
50,".Grand Rapids-Kentwood, MI Metro Area",Grand Rapids-Kentwood,MI,"Grand Rapids, MI",Metro Area,1087592,1088203,1091620,"Grand Rapids, Kent County, Michigan, United States",-85.6678639,42.9632405,184.01476717504727,".Milwaukee-Waukesha, WI Metro Area",Milwaukee-Waukesha
51,".Rochester, NY Metro Area",Rochester,NY,"Rochester, NY",Metro Area,1090135,1088776,1084973,"City of Rochester, Monroe County, New York, United States",-77.615214,43.157285,107.26051826775405,".Buffalo-Cheektowaga, NY Metro Area",Buffalo-Cheektowaga
52,".Tucson, AZ Metro Area",Tucson,AZ,"Tucson, AZ",Metro Area,1043433,1045599,1052030,"Tucson, Pima County, Arizona, United States",-110.9748477,32.2228765,170.48561773697938,".Phoenix-Mesa-Chandler, AZ Metro Area",Phoenix-Mesa-Chandler
53,".Tulsa, OK Metro Area",Tulsa,OK,"Tulsa, OK",Metro Area,1015331,1016589,1023988,"Tulsa, Tulsa County, Oklahoma, United States",-95.9927436,36.1563122,157.24134930680654,".Oklahoma City, OK Metro Area",Oklahoma City
54,".Fresno, CA Metro Area",Fresno,CA,"Fresno, CA",Metro Area,1008654,1008966,1013581,"Fresno, Fresno County, CAL Fire Southern Region, California, United States",-119.7848307,36.7394421,198.6987209587956,".San Jose-Sunnyvale-Santa Clara, CA Metro Area",San Jose-Sunnyvale-Santa Clara
55,".Worcester, MA-CT Metro Area",Worcester,MA-CT,"Worcester, MA",Metro Area,978529,977701,978447,"Worcester, Worcester County, Massachusetts, United States",-71.8018877,42.2625621,58.40057860454743,".Providence-Warwick, RI-MA Metro Area",Providence-Warwick
56,".Omaha-Council Bluffs, NE-IA Metro Area",Omaha-Council Bluffs,NE-IA,"Omaha, NE",Metro Area,967604,968493,971637,"Omaha, Douglas County, Nebraska, United States",-95.9383758,41.2587459,266.2107786554977,".Kansas City, MO-KS Metro Area",Kansas City
57,".Bridgeport-Stamford-Norwalk, CT Metro Area",Bridgeport-Stamford-Norwalk,CT,"Bridgeport, CT",Metro Area,957419,955895,959768,"Bridgeport, Fairfield County, Connecticut, United States",-73.2048348,41.1670412,79.04345958514526,".Hartford-East Hartford-Middletown, CT Metro Area",Hartford-East Hartford-Middletown
58,".Greenville-Anderson, SC Metro Area",Greenville-Anderson,SC,"Greenville, SC",Metro Area,928195,930165,940774,"Greenville, Greenville County, South Carolina, United States",-82.3984882,34.851354,147.91902971091466,".Charlotte-Concord-Gastonia, NC-SC Metro Area",Charlotte-Concord-Gastonia
59,".Albuquerque, NM Metro Area",Albuquerque,NM,"Albuquerque, NM",Metro Area,916528,917179,918259,"Albuquerque, Bernalillo County, New Mexico, United States",-106.650985,35.0841034,511.34522661491764,".Tucson, AZ Metro Area",Tucson
60,".Bakersfield, CA Metro Area",Bakersfield,CA,"Bakersfield, CA",Metro Area,909235,909997,917673,"Bakersfield, Kern County, California, United States",-119.0194639,35.3738712,162.82084850021965,".Los Angeles-Long Beach-Anaheim, CA Metro Area",Los Angeles-Long Beach-Anaheim
61,".Albany-Schenectady-Troy, NY Metro Area",Albany-Schenectady-Troy,NY,"Albany, NY",Metro Area,899262,898561,899286,"City of Albany, Albany County, New York, United States",-73.754968,42.6511674,131.98337926550445,".Hartford-East Hartford-Middletown, CT Metro Area",Hartford-East Hartford-Middletown
62,".Knoxville, TN Metro Area",Knoxville,TN,"Knoxville, TN",Metro Area,879773,881628,893412,"Knoxville, Knox County, East Tennessee, Tennessee, United States",-83.9210261,35.9603948,185.10881858535993,".Greenville-Anderson, SC Metro Area",Greenville-Anderson
63,".McAllen-Edinburg-Mission, TX Metro Area",McAllen-Edinburg-Mission,TX,"McAllen, TX",Metro Area,870781,872204,880356,"McAllen, Hidalgo County, Texas, United States",-98.2300605,26.204114,357.8374208931271,".San Antonio-New Braunfels, TX Metro Area",San Antonio-New Braunfels
64,".Baton Rouge, LA Metro Area",Baton Rouge,LA,"Baton Rouge, LA",Metro Area,870569,870178,871905,"Baton Rouge, East Baton Rouge Parish, Louisiana, United States",-91.1391153,30.4507936,114.90558180087963,".New Orleans-Metairie, LA Metro Area",New Orleans-Metairie
65,".El Paso, TX Metro Area",El Paso,TX,"El Paso, TX",Metro Area,868859,869289,871234,"El Paso, El Paso County, Texas, United States",-106.441207,31.7865623,366.2575822041571,".Albuquerque, NM Metro Area",Albuquerque
66,".Allentown-Bethlehem-Easton, PA-NJ Metro Area",Allentown-Bethlehem-Easton,PA-NJ,"Allentown, PA",Metro Area,861889,861705,865310,"Allentown, Lehigh County, Pennsylvania, United States",-75.4712794,40.6022059,76.72096838767152,".Philadelphia-Camden-Wilmington, PA-NJ-DE-MD Metro Area",Philadelphia-Camden-Wilmington
67,".New Haven-Milford, CT Metro Area",New Haven-Milford,CT,"New Haven, CT",Metro Area,864835,863498,863700,"New Haven, New Haven County, Connecticut, United States",-72.9250518,41.3082138,28.21243247973767,".Bridgeport-Stamford-Norwalk, CT Metro Area",Bridgeport-Stamford-Norwalk
68,".North Port-Sarasota-Bradenton, FL Metro Area",North Port-Sarasota-Bradenton,FL,"North Port, FL",Metro Area,833716,837107,859760,"North Port, Sarasota County, Florida, United States",-82.2359254,27.044224,102.50798831426678,".Tampa-St. Petersburg-Clearwater, FL Metro Area",Tampa-St Petersburg-Clearwater
69,".Oxnard-Thousand Oaks-Ventura, CA Metro Area",Oxnard-Thousand Oaks-Ventura,CA,"Oxnard, CA",Metro Area,843843,842921,839784,"Oxnard, Ventura County, CAL Fire Southern Region, California, United States",-119.1803818,34.1976308,87.95466250943272,".Los Angeles-Long Beach-Anaheim, CA Metro Area",Los Angeles-Long Beach-Anaheim
70,".Columbia, SC Metro Area",Columbia,SC,"Columbia, SC",Metro Area,829470,830767,838250,"Columbia, Richland County, South Carolina, United States",-81.0343313,34.0007493,137.18136054821716,".Charlotte-Concord-Gastonia, NC-SC Metro Area",Charlotte-Concord-Gastonia
71,".Dayton-Kettering, OH Metro Area",Dayton-Kettering,OH,"Dayton, OH",Metro Area,814049,813475,813516,"Dayton, Montgomery County, Ohio, United States",-84.1916069,39.7589478,78.0496924407732,".Cincinnati, OH-KY-IN Metro Area",Cincinnati
72,".Charleston-North Charleston, SC Metro Area",Charleston-North Charleston,SC,"Charleston, SC",Metro Area,799636,802961,813052,"Charleston, Charleston County, South Carolina, United States",-79.9402728,32.7876012,168.71192112205725,".Columbia, SC Metro Area",Columbia
73,".Boise City, ID Metro Area",Boise City,ID,"Boise City, ID",Metro Area,764718,769581,795268,"Boise, Ada County, Idaho, United States",-116.200886,43.6166163,477.06455908330844,".Salt Lake City, UT Metro Area",Salt Lake City
74,".Stockton, CA Metro Area",Stockton,CA,"Stockton, CA",Metro Area,779233,780517,789410,"Stockton, San Joaquin County, California, United States",-121.2907796,37.9577016,71.44030161648787,".Sacramento-Roseville-Folsom, CA Metro Area",Sacramento-Roseville-Folsom
75,".Cape Coral-Fort Myers, FL Metro Area",Cape Coral-Fort Myers,FL,"Cape Coral, FL",Metro Area,760822,764679,787976,"Cape Coral, Lee County, Florida, United States",-81.9806771,26.6059432,54.79118235236711,".North Port-Sarasota-Bradenton, FL Metro Area",North Port-Sarasota-Bradenton
76,".Greensboro-High Point, NC Metro Area",Greensboro-High Point,NC,"Greensboro, NC",Metro Area,776566,776761,778848,"Greensboro, Guilford County, North Carolina, United States",-79.7919754,36.0726355,108.97891011717444,".Raleigh-Cary, NC Metro Area",Raleigh-Cary
77,".Colorado Springs, CO Metro Area",Colorado Springs,CO,"Colorado Springs, CO",Metro Area,755105,756573,762793,"Colorado Springs, El Paso County, Colorado, 80903, United States",-104.825348,38.8339578,101.44269953648659,".Denver-Aurora-Lakewood, CO Metro Area",Denver-Aurora-Lakewood
78,".Lakeland-Winter Haven, FL Metro Area",Lakeland-Winter Haven,FL,"Lakeland, FL",Metro Area,725046,729233,753520,"Lakeland, Polk County, Florida, United States",-81.9498042,28.0394654,51.05536072992413,".Tampa-St. Petersburg-Clearwater, FL Metro Area",Tampa-St Petersburg-Clearwater
79,".Little Rock-North Little Rock-Conway, AR Metro Area",Little Rock-North Little Rock-Conway,AR,"Little Rock, AR",Metro Area,748031,748434,750936,"Little Rock, Pulaski County, Arkansas, United States",-92.2896267,34.7465071,216.48841454704484,".Memphis, TN-MS-AR Metro Area",Memphis
80,".Des Moines-West Des Moines, IA Metro Area",Des Moines-West Des Moines,IA,"Des Moines, IA",Metro Area,709466,710843,719146,"Des Moines, Polk County, Iowa, United States",-93.6046655,41.5910323,198.53416362584946,".Omaha-Council Bluffs, NE-IA Metro Area",Omaha-Council Bluffs
81,".Ogden-Clearfield, UT Metro Area",Ogden-Clearfield,UT,"Ogden, UT",Metro Area,694863,696620,706696,"Ogden, Weber County, Utah, United States",-111.9738429,41.2230048,51.97927657349845,".Salt Lake City, UT Metro Area",Salt Lake City
82,".Poughkeepsie-Newburgh-Middletown, NY Metro Area",Poughkeepsie-Newburgh-Middletown,NY,"Poughkeepsie, NY",Metro Area,697221,697064,701637,"City of Poughkeepsie, Dutchess County, New York, 12601, United States",-73.9283672,41.7065539,85.12913148932392,".Bridgeport-Stamford-Norwalk, CT Metro Area",Bridgeport-Stamford-Norwalk
83,".Akron, OH Metro Area",Akron,OH,"Akron, OH",Metro Area,702219,701305,700015,"Akron, Summit County, Ohio, United States",-81.518485,41.083064,48.53812414926369,".Cleveland-Elyria, OH Metro Area",Cleveland-Elyria
84,".Provo-Orem, UT Metro Area",Provo-Orem,UT,"Provo, UT",Metro Area,671185,674967,697141,"Provo, Utah County, Utah, United States",-111.6587085,40.2337289,61.51487429666231,".Salt Lake City, UT Metro Area",Salt Lake City
85,".Springfield, MA Metro Area",Springfield,MA,"Springfield, MA",Metro Area,699162,697960,695305,"Springfield, Hampden County, Massachusetts, United States",-72.5886727,42.1018764,38.410520605751714,".Hartford-East Hartford-Middletown, CT Metro Area",Hartford-East Hartford-Middletown
86,".Deltona-Daytona Beach-Ormond Beach, FL Metro Area",Deltona-Daytona Beach-Ormond Beach,FL,"Deltona, FL",Metro Area,668921,670869,685344,"Deltona, Volusia County, Florida, United States",-81.2636738,28.9005446,41.293379513513294,".Orlando-Kissimmee-Sanford, FL Metro Area",Orlando-Kissimmee-Sanford
87,".Madison, WI Metro Area",Madison,WI,"Madison, WI",Metro Area,680796,681484,683183,"Madison, Dane County, Wisconsin, United States",-89.3837613,43.074761,119.12724951189452,".Milwaukee-Waukesha, WI Metro Area",Milwaukee-Waukesha
88,".Winston-Salem, NC Metro Area",Winston-Salem,NC,"Winston, NC",Metro Area,675966,676369,681438,"Winston-Salem, Forsyth County, North Carolina, United States",-80.2440518,36.0998131,40.82794378159044,".Greensboro-High Point, NC Metro Area",Greensboro-High Point
89,".Syracuse, NY Metro Area",Syracuse,NY,"Syracuse, NY",Metro Area,662057,660894,658281,"City of Syracuse, Onondaga County, New York, United States",-76.1474244,43.0481221,120.09773962031845,".Rochester, NY Metro Area",Rochester
90,".Durham-Chapel Hill, NC Metro Area",Durham-Chapel Hill,NC,"Durham, NC",Metro Area,649903,651192,654012,"Durham, Durham County, North Carolina, United States",-78.9018053,35.996653,33.74005542291606,".Raleigh-Cary, NC Metro Area",Raleigh-Cary
91,".Wichita, KS Metro Area",Wichita,KS,"Wichita, KS",Metro Area,647610,647921,647919,"Wichita, Sedgwick County, Kansas, United States",-97.3375448,37.6922361,208.34640699364917,".Tulsa, OK Metro Area",Tulsa
92,".Toledo, OH Metro Area",Toledo,OH,"Toledo, OH",Metro Area,646604,645819,644217,"Toledo, Lucas County, Ohio, United States",-83.5378173,41.6529143,85.66359897502922,".Detroit-Warren-Dearborn, MI Metro Area",Detroit-Warren-Dearborn
93,".Palm Bay-Melbourne-Titusville, FL Metro Area",Palm Bay-Melbourne-Titusville,FL,"Palm Bay, FL",Metro Area,606612,608007,616628,"Palm Bay, Brevard County, Florida, United States",-80.6366144,27.9946969,94.79733186097107,".Orlando-Kissimmee-Sanford, FL Metro Area",Orlando-Kissimmee-Sanford
94,".Augusta-Richmond County, GA-SC Metro Area",Augusta-Richmond County,GA-SC,"Augusta, GA",Metro Area,611000,611720,615933,"Augusta, Richmond County, Georgia, United States",-81.9748429,33.4709714,105.11468878700381,".Columbia, SC Metro Area",Columbia
95,".Harrisburg-Carlisle, PA Metro Area",Harrisburg-Carlisle,PA,"Harrisburg, PA",Metro Area,591712,592361,596305,"Harrisburg, Dauphin County, Pennsylvania, United States",-76.8861122,40.2663107,110.84129094922687,".Baltimore-Columbia-Towson, MD Metro Area",Baltimore-Columbia-Towson
96,".Spokane-Spokane Valley, WA Metro Area",Spokane-Spokane Valley,WA,"Spokane, WA",Metro Area,585784,587266,593466,"Spokane, Spokane County, Washington, United States",-117.42351,47.6571934,368.74616219886815,".Seattle-Tacoma-Bellevue, WA Metro Area",Seattle-Tacoma-Bellevue
97,".Jackson, MS Metro Area",Jackson,MS,"Jackson, MS",Metro Area,591978,590626,587202,"Jackson, Hinds County, Mississippi, United States",-90.1983063,32.3086744,224.59127801425498,".Baton Rouge, LA Metro Area",Baton Rouge
98,".Scranton--Wilkes-Barre, PA Metro Area",Scranton--Wilkes-Barre,PA,"Scranton, PA",Metro Area,567559,566574,567750,"Scranton, Lackawanna County, Pennsylvania, United States",-75.6621294,41.4086874,90.99071286251288,".Allentown-Bethlehem-Easton, PA-NJ Metro Area",Allentown-Bethlehem-Easton
99,".Chattanooga, TN-GA Metro Area",Chattanooga,TN-GA,"Chattanooga, TN",Metro Area,562647,563599,567641,"Chattanooga, Hamilton County, Tennessee, United States",-85.3094883,35.0457219,161.75899563333883,".Knoxville, TN Metro Area",Knoxville
100,".Fayetteville-Springdale-Rogers, AR Metro Area",Fayetteville-Springdale-Rogers,AR,"Fayetteville, AR",Metro Area,546725,549566,560709,"Fayetteville, Washington County, Arkansas, United States",-94.1574328,36.0625843,165.57388612334688,".Tulsa, OK Metro Area",Tulsa
101,".Portland-South Portland, ME Metro Area",Portland-South Portland,ME,"Portland, ME",Metro Area,551740,552089,556893,"Portland, Cumberland County, Maine, United States",-70.2548596,43.6610277,159.2201137062392,".Boston-Cambridge-Newton, MA-NH Metro Area",Boston-Cambridge-Newton
102,".Lancaster, PA Metro Area",Lancaster,PA,"Lancaster, PA",Metro Area,552984,552597,553652,"Lancaster, Lancaster County, Pennsylvania, United States",-76.3056686,40.03813,55.56824430530076,".Harrisburg-Carlisle, PA Metro Area",Harrisburg-Carlisle
103,".Modesto, CA Metro Area",Modesto,CA,"Modesto, CA",Metro Area,552878,552710,552999,"Modesto, Stanislaus County, California, United States",-120.9968782,37.6390972,43.82386157245349,".Stockton, CA Metro Area",Stockton
104,".Lansing-East Lansing, MI Metro Area",Lansing-East Lansing,MI,"Lansing, MI",Metro Area,541297,540737,540281,"Lansing, Ingham County, Michigan, United States",-84.5553805,42.7337712,94.44011199823593,".Grand Rapids-Kentwood, MI Metro Area",Grand Rapids-Kentwood
105,".Youngstown-Warren-Boardman, OH-PA Metro Area",Youngstown-Warren-Boardman,OH-PA,"Youngstown, OH",Metro Area,541243,539686,538069,"Youngstown, Mahoning County, Ohio, United States",-80.6520161,41.1035786,72.8329422967864,".Akron, OH Metro Area",Akron
106,".Fayetteville, NC Metro Area",Fayetteville,NC,"Fayetteville, NC",Metro Area,520378,520354,524588,"Fayetteville, Cumberland County, North Carolina, United States",-78.878292,35.0525759,83.62163376803139,".Raleigh-Cary, NC Metro Area",Raleigh-Cary
107,".Lexington-Fayette, KY Metro Area",Lexington-Fayette,KY,"Lexington, KY",Metro Area,516811,517028,517846,"Lexington, Fayette County, Kentucky, United States",-84.4970393,38.0464066,113.0283687702236,".Louisville/Jefferson County, KY-IN Metro Area",Louisville-Jefferson County
108,".Pensacola-Ferry Pass-Brent, FL Metro Area",Pensacola-Ferry Pass-Brent,FL,"Pensacola, FL",Metro Area,509905,511557,516388,"Pensacola, Escambia County, Florida, United States",-87.2169149,30.421309,279.9033710927574,".New Orleans-Metairie, LA Metro Area",New Orleans-Metairie
109,".Myrtle Beach-Conway-North Myrtle Beach, SC-NC Metro Area",Myrtle Beach-Conway-North Myrtle Beach,SC-NC,"Myrtle Beach, SC",Metro Area,487722,491582,509794,"Myrtle Beach, Horry County, South Carolina, 29577, United States",-78.8900409,33.6956461,140.43618535083613,".Charleston-North Charleston, SC Metro Area",Charleston-North Charleston
110,".Port St. Lucie, FL Metro Area",Port St Lucie,FL,"Port St Lucie, FL",Metro Area,487657,489804,503521,"Port Saint Lucie, Saint Lucie County, Florida, United States",-80.3503283,27.2939333,82.63360705523161,".Palm Bay-Melbourne-Titusville, FL Metro Area",Palm Bay-Melbourne-Titusville
111,".Huntsville, AL Metro Area",Huntsville,AL,"Huntsville, AL",Metro Area,491723,494018,502728,"Huntsville, Madison County, Alabama, United States",-86.5859011,34.729847,121.82774608614807,".Chattanooga, TN-GA Metro Area",Chattanooga
112,".Reno, NV Metro Area",Reno,NV,"Reno, NV",Metro Area,490596,491494,497535,"Reno, Washoe County, Nevada, United States",-119.8126581,39.5261206,179.40027057189792,".Sacramento-Roseville-Folsom, CA Metro Area",Sacramento-Roseville-Folsom
113,".Killeen-Temple, TX Metro Area",Killeen-Temple,TX,"Killeen, TX",Metro Area,475367,476784,486101,"Killeen, Bell County, Texas, United States",-97.727796,31.1171441,93.8052339671042,".Austin-Round Rock-Georgetown, TX Metro Area",Austin-Round Rock-Georgetown
114,".Santa Rosa-Petaluma, CA Metro Area",Santa Rosa-Petaluma,CA,"Santa Rosa, CA",Metro Area,488863,488345,485887,"Santa Rosa, Sonoma County, CAL Fire Northern Region, California, United States",-122.7141049,38.4404925,77.82329432224405,".San Francisco-Oakland-Berkeley, CA Metro Area",San Francisco-Oakland-Berkeley
115,".Springfield, MO Metro Area",Springfield,MO,"Springfield, MO",Metro Area,475432,476128,481483,"Springfield, Greene County, Missouri, United States",-93.2946576,37.1968298,147.63836324988648,".Fayetteville-Springdale-Rogers, AR Metro Area",Fayetteville-Springdale-Rogers
116,".Lafayette, LA Metro Area",Lafayette,LA,"Lafayette, LA",Metro Area,478384,478077,479212,"Lafayette, Lafayette Parish, Louisiana, United States",-92.0298813,30.2043259,89.91460794323933,".Baton Rouge, LA Metro Area",Baton Rouge
117,".Visalia, CA Metro Area",Visalia,CA,"Visalia, CA",Metro Area,473117,473736,477054,"Visalia, Tulare County, CAL Fire Southern Region, California, United States",-119.292058,36.3302284,63.31940361381302,".Fresno, CA Metro Area",Fresno
118,".Asheville, NC Metro Area",Asheville,NC,"Asheville, NC",Metro Area,469015,469454,472341,"Asheville, Buncombe County, North Carolina, United States",-82.5540161,35.6009498,84.36031276065168,".Greenville-Anderson, SC Metro Area",Greenville-Anderson
119,".York-Hanover, PA Metro Area",York-Hanover,PA,"York, PA",Metro Area,456438,456389,458696,"York, York County, Pennsylvania, 17401, United States",-76.727707,39.9624624,36.34060213582745,".Harrisburg-Carlisle, PA Metro Area",Harrisburg-Carlisle
120,".Vallejo, CA Metro Area",Vallejo,CA,"Vallejo, CA",Metro Area,453491,453274,451716,"Vallejo, Solano County, CAL Fire Northern Region, California, United States",-122.2566367,38.1040864,38.82974905468126,".San Francisco-Oakland-Berkeley, CA Metro Area",San Francisco-Oakland-Berkeley
121,".Santa Maria-Santa Barbara, CA Metro Area",Santa Maria-Santa Barbara,CA,"Santa Maria, CA",Metro Area,448229,448096,446475,"Santa Maria, Santa Barbara County, CAL Fire Southern Region, California, United States",-120.435857,34.9531295,137.22359612462427,".Bakersfield, CA Metro Area",Bakersfield
122,".Salinas, CA Metro Area",Salinas,CA,"Salinas, CA",Metro Area,439035,438500,437325,"Salinas, Monterey County, California, United States",-121.6550372,36.6744117,76.37395355728255,".San Jose-Sunnyvale-Santa Clara, CA Metro Area",San Jose-Sunnyvale-Santa Clara
123,".Salem, OR Metro Area",Salem,OR,"Salem, OR",Metro Area,433353,434065,436283,"Salem, Marion County, Oregon, United States",-123.033121,44.9391565,70.46334340227205,".Portland-Vancouver-Hillsboro, OR-WA Metro Area",Portland-Vancouver-Hillsboro
124,".Reading, PA Metro Area",Reading,PA,"Reading, PA",Metro Area,428849,428694,429342,"Reading, Berks County, Pennsylvania, United States",-75.9279495,40.335345,46.08518947351585,".Lancaster, PA Metro Area",Lancaster
125,".Salisbury, MD-DE Metro Area",Salisbury,MD-DE,"Salisbury, MD",Metro Area,418046,419397,429223,"Salisbury, Wicomico County, Maryland, United States",-75.6009964,38.366027,135.0143950653866,".Baltimore-Columbia-Towson, MD Metro Area",Baltimore-Columbia-Towson
126,".Mobile, AL Metro Area",Mobile,AL,"Mobile, AL",Metro Area,430197,429546,428220,"Mobile, Mobile County, Alabama, United States",-88.0848929,30.6867339,88.32423542962738,".Pensacola-Ferry Pass-Brent, FL Metro Area",Pensacola-Ferry Pass-Brent
127,".Manchester-Nashua, NH Metro Area",Manchester-Nashua,NH,"Manchester, NH",Metro Area,422937,422705,424079,"Manchester, Hillsborough County, New Hampshire, United States",-71.4547891,42.9956397,78.11686493318324,".Boston-Cambridge-Newton, MA-NH Metro Area",Boston-Cambridge-Newton
128,".Fort Wayne, IN Metro Area",Fort Wayne,IN,"Fort Wayne, IN",Metro Area,419601,420208,423038,"Fort Wayne, Allen County, Indiana, United States",-85.1386015,41.0799898,148.27648470698983,".Toledo, OH Metro Area",Toledo
129,".Brownsville-Harlingen, TX Metro Area",Brownsville-Harlingen,TX,"Brownsville, TX",Metro Area,421017,421191,423029,"Brownsville, Cameron County, Texas, United States",-97.4890879,25.9140277,80.81253951050385,".McAllen-Edinburg-Mission, TX Metro Area",McAllen-Edinburg-Mission
130,".Corpus Christi, TX Metro Area",Corpus Christi,TX,"Corpus Christi, TX",Metro Area,421933,421862,422778,"Corpus Christi, Nueces County, Texas, United States",-97.4033191,27.7635302,191.28658101800573,".McAllen-Edinburg-Mission, TX Metro Area",McAllen-Edinburg-Mission
131,".Gulfport-Biloxi, MS Metro Area",Gulfport-Biloxi,MS,"Gulfport, MS",Metro Area,416259,416312,418082,"Gulfport, Harrison County, Mississippi, United States",-89.0928155,30.3674198,103.00597389763841,".Mobile, AL Metro Area",Mobile
132,".Savannah, GA Metro Area",Savannah,GA,"Savannah, GA",Metro Area,404798,405053,410008,"Savannah, Chatham County, Georgia, United States",-81.0951271,32.0564572,135.54481986728277,".Charleston-North Charleston, SC Metro Area",Charleston-North Charleston
133,".Flint, MI Metro Area",Flint,MI,"Flint, MI",Metro Area,406211,405648,404208,"Flint, Genesee County, Michigan, United States",-83.6900211,43.0161693,77.35192503119582,".Lansing-East Lansing, MI Metro Area",Lansing-East Lansing
134,".Canton-Massillon, OH Metro Area",Canton-Massillon,OH,"Canton, OH",Metro Area,401574,401046,400525,"Canton, Stark County, Ohio, United States",-81.3749508,40.7985464,33.82946956416336,".Akron, OH Metro Area",Akron
135,".Peoria, IL Metro Area",Peoria,IL,"Peoria, IL",Metro Area,402391,401160,398224,"Peoria, Peoria County, Illinois, United States",-89.5891008,40.6938609,210.49386166309867,".Chicago-Naperville-Elgin, IL-IN-WI Metro Area",Chicago-Naperville-Elgin
136,".Beaumont-Port Arthur, TX Metro Area",Beaumont-Port Arthur,TX,"Beaumont, TX",Metro Area,397565,396958,395419,"Beaumont, Jefferson County, Texas, United States",-94.1018461,30.0860459,127.49610449990938,".Houston-The Woodlands-Sugar Land, TX Metro Area",Houston-The Woodlands-Sugar Land
137,".Shreveport-Bossier City, LA Metro Area",Shreveport-Bossier City,LA,"Shreveport, LA",Metro Area,393406,392525,389155,"Shreveport, Caddo Parish, Louisiana, United States",-93.7559378,32.4707862,266.4497451612494,".Beaumont-Port Arthur, TX Metro Area",Beaumont-Port Arthur
138,".Naples-Marco Island, FL Metro Area",Naples-Marco Island,FL,"Naples, FL",Metro Area,375752,377079,385980,"Naples, Collier County, Florida, United States",-81.7942944,26.1421976,54.64338666769982,".Cape Coral-Fort Myers, FL Metro Area",Cape Coral-Fort Myers
139,".Ocala, FL Metro Area",Ocala,FL,"Ocala, FL",Metro Area,375908,377370,385915,"Ocala, Marion County, Florida, United States",-82.1400923,29.1871986,91.08188725732643,".Deltona-Daytona Beach-Ormond Beach, FL Metro Area",Deltona-Daytona Beach-Ormond Beach
140,".Trenton-Princeton, NJ Metro Area",Trenton-Princeton,NJ,"Trenton, NJ",Metro Area,387340,386759,385898,"Trenton, Mercer County, New Jersey, United States",-74.7597219,40.2205944,45.504820412044126,".Philadelphia-Camden-Wilmington, PA-NJ-DE-MD Metro Area",Philadelphia-Camden-Wilmington
141,".Montgomery, AL Metro Area",Montgomery,AL,"Montgomery, AL",Metro Area,386047,385738,385798,"Montgomery, Montgomery County, Alabama, United States",-86.3006485,32.3669656,136.28319158260143,".Birmingham-Hoover, AL Metro Area",Birmingham-Hoover
142,".Tallahassee, FL Metro Area",Tallahassee,FL,"Tallahassee, FL",Metro Area,384298,384546,385776,"Tallahassee, Leon County, Florida, United States",-84.2809332,30.4380832,249.09769836934032,".Ocala, FL Metro Area",Ocala
143,".Eugene-Springfield, OR Metro Area",Eugene-Springfield,OR,"Eugene, OR",Metro Area,382971,382940,383189,"Eugene, Lane County, Oregon, United States",-123.0950506,44.0505054,98.87136747792638,".Salem, OR Metro Area",Salem
144,".Davenport-Moline-Rock Island, IA-IL Metro Area",Davenport-Moline-Rock Island,IA-IL,"Davenport, IA",Metro Area,384324,383526,381568,"Davenport, Scott County, Iowa, United States",-90.5770967,41.5235808,124.00560209128798,".Peoria, IL Metro Area",Peoria
145,".Ann Arbor, MI Metro Area",Ann Arbor,MI,"Ann Arbor, MI",Metro Area,372258,371656,369390,"Ann Arbor, Washtenaw County, Michigan, United States",-83.7312291,42.2681569,56.888980426455646,".Detroit-Warren-Dearborn, MI Metro Area",Detroit-Warren-Dearborn
146,".Hickory-Lenoir-Morganton, NC Metro Area",Hickory-Lenoir-Morganton,NC,"Hickory, NC",Metro Area,365276,365235,366441,"Hickory, Catawba County, North Carolina, United States",-81.3442915,35.7333312,72.26453172098614,".Charlotte-Concord-Gastonia, NC-SC Metro Area",Charlotte-Concord-Gastonia
147,".Fort Collins, CO Metro Area",Fort Collins,CO,"Fort Collins, CO",Metro Area,359066,359686,362533,"Fort Collins, Larimer County, Colorado, United States",-105.0668085,40.5508527,90.38989836934302,".Denver-Aurora-Lakewood, CO Metro Area",Denver-Aurora-Lakewood
148,".Huntington-Ashland, WV-KY-OH Metro Area",Huntington-Ashland,WV-KY-OH,"Huntington, WV",Metro Area,359862,359100,356581,"Huntington, Cabell County, West Virginia, United States",-82.445154,38.4192496,177.89926919786856,".Columbus, OH Metro Area",Columbus
149,".Lincoln, NE Metro Area",Lincoln,NE,"Lincoln, NE",Metro Area,340217,340515,342117,"Lincoln, Lancaster County, Nebraska, United States",-96.7077751,40.8088861,81.74320448506258,".Omaha-Council Bluffs, NE-IA Metro Area",Omaha-Council Bluffs
150,".Gainesville, FL Metro Area",Gainesville,FL,"Gainesville, FL",Metro Area,339247,339663,341756,"Gainesville, Alachua County, Florida, United States",-82.3249846,29.6519684,54.551470043963846,".Ocala, FL Metro Area",Ocala
151,".Greeley, CO Metro Area",Greeley,CO,"Greeley, CO",Metro Area,328981,331358,340036,"Greeley, Weld County, Colorado, United States",-104.7091322,40.4233142,33.469247762022206,".Fort Collins, CO Metro Area",Fort Collins
152,".Rockford, IL Metro Area",Rockford,IL,"Rockford, IL",Metro Area,338798,338184,336278,"Rockford, Rockford Township, Winnebago County, Illinois, United States",-89.093966,42.2713945,92.35039747713887,".Madison, WI Metro Area",Madison
153,".Spartanburg, SC Metro Area",Spartanburg,SC,"Spartanburg, SC",Metro Area,327997,329364,335864,"Spartanburg, Spartanburg County, South Carolina, United States",-81.9320157,34.9498007,44.01144834158373,".Greenville-Anderson, SC Metro Area",Greenville-Anderson
154,".Boulder, CO Metro Area",Boulder,CO,"Boulder, CO",Metro Area,330758,330811,329543,"Boulder, Boulder County, Colorado, United States",-105.270241,40.0154155,39.19602303991337,".Denver-Aurora-Lakewood, CO Metro Area",Denver-Aurora-Lakewood
155,".Green Bay, WI Metro Area",Green Bay,WI,"Green Bay, WI",Metro Area,328268,328323,329490,"Green Bay, Brown County, Wisconsin, United States",-88.0125794,44.5126379,164.33798644773432,".Milwaukee-Waukesha, WI Metro Area",Milwaukee-Waukesha
156,".Clarksville, TN-KY Metro Area",Clarksville,TN-KY,"Clarksville, TN",Metro Area,320535,321607,328304,"Clarksville, Montgomery County, Tennessee, United States",-87.3588703,36.5277607,66.32162847542307,".Nashville-Davidson--Murfreesboro--Franklin, TN Metro Area",Nashville-Davidson--Murfreesboro--Franklin
157,".Columbus, GA-AL Metro Area",Columbus,GA-AL,"Columbus, GA",Metro Area,328883,329141,327536,"Columbus, Muscogee County, Georgia, United States",-84.9880449,32.4610708,123.91088284880597,".Montgomery, AL Metro Area",Montgomery
158,".Lubbock, TX Metro Area",Lubbock,TX,"Lubbock, TX",Metro Area,321368,322123,325245,"Lubbock, Lubbock County, Texas, United States",-101.879336,33.5635206,453.0376956914306,".Oklahoma City, OK Metro Area",Oklahoma City
159,".South Bend-Mishawaka, IN-MI Metro Area",South Bend-Mishawaka,IN-MI,"South Bend, IN",Metro Area,324501,324112,323695,"South Bend, Saint Joseph County, Indiana, United States",-86.2500066,41.6833813,114.6003324216403,".Fort Wayne, IN Metro Area",Fort Wayne
160,".Roanoke, VA Metro Area",Roanoke,VA,"Roanoke, VA",Metro Area,315251,315057,314496,"Roanoke, Virginia, United States",-79.9414313,37.270973,132.75002189205304,".Winston-Salem, NC Metro Area",Winston-Salem
161,".Evansville, IN-KY Metro Area",Evansville,IN-KY,"Evansville, IN",Metro Area,314049,313930,313946,"Evansville, Vanderburgh County, Indiana, United States",-87.5558483,37.9747645,160.56249584576264,".Louisville/Jefferson County, KY-IN Metro Area",Louisville-Jefferson County
162,".Kingsport-Bristol, TN-VA Metro Area",Kingsport-Bristol,TN-VA,"Kingsport, TN",Metro Area,307614,307406,308661,"Kingsport, Sullivan County, Tennessee, United States",-82.5594293,36.550238,105.33453703050812,".Asheville, NC Metro Area",Asheville
163,".Kennewick-Richland, WA Metro Area",Kennewick-Richland,WA,"Kennewick, WA",Metro Area,303622,304306,308293,"Kennewick, Benton County, Washington, United States",-119.119919,46.2087066,206.43071265398706,".Spokane-Spokane Valley, WA Metro Area",Spokane-Spokane Valley
164,".Hagerstown-Martinsburg, MD-WV Metro Area",Hagerstown-Martinsburg,MD-WV,"Hagerstown, MD",Metro Area,293844,294277,298227,"Hagerstown, Washington County, Maryland, United States",-77.7191081,39.6430455,92.01143415789049,".York-Hanover, PA Metro Area",York-Hanover
165,".Olympia-Lacey-Tumwater, WA Metro Area",Olympia-Lacey-Tumwater,WA,"Olympia, WA",Metro Area,294793,295729,297977,"Olympia, Thurston County, Washington, United States",-122.8950075,47.0451022,75.38192072467413,".Seattle-Tacoma-Bellevue, WA Metro Area",Seattle-Tacoma-Bellevue
166,".Crestview-Fort Walton Beach-Destin, FL Metro Area",Crestview-Fort Walton Beach-Destin,FL,"Crestview, FL",Metro Area,286973,287664,293324,"Crestview, Okaloosa County, Florida, United States",-86.5705084,30.7621326,72.602656577972,".Pensacola-Ferry Pass-Brent, FL Metro Area",Pensacola-Ferry Pass-Brent
167,".Wilmington, NC Metro Area",Wilmington,NC,"Wilmington, NC",Metro Area,285905,286623,291833,"Wilmington, New Hanover County, North Carolina, United States",-77.9447107,34.2257282,105.3150036655114,".Myrtle Beach-Conway-North Myrtle Beach, SC-NC Metro Area",Myrtle Beach-Conway-North Myrtle Beach
168,".Duluth, MN-WI Metro Area",Duluth,MN-WI,"Duluth, MN",Metro Area,291638,291278,290780,"Duluth, Saint Louis County, Minnesota, United States",-92.1251218,46.7729322,218.33132835547548,".Minneapolis-St. Paul-Bloomington, MN-WI Metro Area",Minneapolis-St Paul-Bloomington
169,".Utica-Rome, NY Metro Area",Utica-Rome,NY,"Utica, NY",Metro Area,292264,291702,290211,"City of Utica, Whitestown, Oneida County, New York, United States",-75.2326641,43.1009031,74.73026461169634,".Syracuse, NY Metro Area",Syracuse
170,".Longview, TX Metro Area",Longview,TX,"Longview, TX",Metro Area,286184,286153,287868,"Longview, Gregg County, Texas, United States",-94.74049,32.5007031,92.59873980020271,".Shreveport-Bossier City, LA Metro Area",Shreveport-Bossier City
171,".Merced, CA Metro Area",Merced,CA,"Merced, CA",Metro Area,281202,281726,286461,"Merced, Merced County, California, United States",-120.4843269,37.3029568,58.71556173313215,".Modesto, CA Metro Area",Modesto
172,".San Luis Obispo-Paso Robles, CA Metro Area",San Luis Obispo-Paso Robles,CA,"San Luis Obispo, CA",Metro Area,282424,282231,283159,"San Luis Obispo, San Luis Obispo County, CAL Fire Southern Region, California, United States",-120.659615,35.2827525,41.87303396006184,".Santa Maria-Santa Barbara, CA Metro Area",Santa Maria-Santa Barbara
173,".Sioux Falls, SD Metro Area",Sioux Falls,SD,"Sioux Falls, SD",Metro Area,276730,277458,281958,"Sioux Falls, Sioux Falls Township, Minnehaha County, South Dakota, United States",-96.7307737,43.5488256,262.61194118252337,".Omaha-Council Bluffs, NE-IA Metro Area",Omaha-Council Bluffs
174,".Waco, TX Metro Area",Waco,TX,"Waco, TX",Metro Area,277547,277984,280428,"Waco, McLennan County, Texas, United States",-97.1466695,31.549333,73.17761462610636,".Killeen-Temple, TX Metro Area",Killeen-Temple
175,".Cedar Rapids, IA Metro Area",Cedar Rapids,IA,"Cedar Rapids, IA",Metro Area,276520,276446,275435,"Cedar Rapids, Linn County, Iowa, United States",-91.6704053,41.9758872,103.88821953825534,".Davenport-Moline-Rock Island, IA-IL Metro Area",Davenport-Moline-Rock Island
176,".Atlantic City-Hammonton, NJ Metro Area",Atlantic City-Hammonton,NJ,"Atlantic City, NJ",Metro Area,274534,274191,274966,"Atlantic City, Atlantic County, New Jersey, 08401, United States",-74.4229351,39.3642852,91.14625475041588,".Philadelphia-Camden-Wilmington, PA-NJ-DE-MD Metro Area",Philadelphia-Camden-Wilmington
177,".Bremerton-Silverdale-Port Orchard, WA Metro Area",Bremerton-Silverdale-Port Orchard,WA,"Bremerton, WA",Metro Area,275611,275660,274314,"Bremerton, Kitsap County, Washington, United States",-122.6246836,47.5653663,22.571019023543798,".Seattle-Tacoma-Bellevue, WA Metro Area",Seattle-Tacoma-Bellevue
178,".College Station-Bryan, TX Metro Area",College Station-Bryan,TX,"College Station, TX",Metro Area,268248,268864,272041,"College Station, Brazos County, Texas, United States",-96.3071042,30.5955289,129.56396807023037,".Houston-The Woodlands-Sugar Land, TX Metro Area",Houston-The Woodlands-Sugar Land
179,".Amarillo, TX Metro Area",Amarillo,TX,"Amarillo, TX",Metro Area,268691,268820,269703,"Amarillo, Potter County, Texas, United States",-101.833824,35.2072185,182.3824377498336,".Lubbock, TX Metro Area",Lubbock
180,".Erie, PA Metro Area",Erie,PA,"Erie, PA",Metro Area,270876,270427,269011,"Erie, Erie County, Pennsylvania, United States",-80.0852695,42.1294712,123.34402738810877,".Youngstown-Warren-Boardman, OH-PA Metro Area",Youngstown-Warren-Boardman
181,".Norwich-New London, CT Metro Area",Norwich-New London,CT,"Norwich, CT",Metro Area,268555,268248,268805,"Norwich, New London County, Connecticut, United States",-72.0759008,41.5243537,57.763196781106984,".Hartford-East Hartford-Middletown, CT Metro Area",Hartford-East Hartford-Middletown
182,".Tuscaloosa, AL Metro Area",Tuscaloosa,AL,"Tuscaloosa, AL",Metro Area,268674,268711,268191,"Tuscaloosa, Tuscaloosa County, Alabama, United States",-87.5675258,33.2095614,79.12483256533245,".Birmingham-Hoover, AL Metro Area",Birmingham-Hoover
183,".Laredo, TX Metro Area",Laredo,TX,"Laredo, TX",Metro Area,267114,267234,267945,"Laredo, Webb County, Texas, United States",-99.497352,27.5236998,192.967435294345,".McAllen-Edinburg-Mission, TX Metro Area",McAllen-Edinburg-Mission
184,".Santa Cruz-Watsonville, CA Metro Area",Santa Cruz-Watsonville,CA,"Santa Cruz, CA",Metro Area,270861,270353,267792,"Santa Cruz, Santa Cruz County, CAL Fire Northern Region, California, United States",-122.0294673,36.9743626,42.00551919727528,".San Jose-Sunnyvale-Santa Clara, CA Metro Area",San Jose-Sunnyvale-Santa Clara
185,".Lynchburg, VA Metro Area",Lynchburg,VA,"Lynchburg, VA",Metro Area,261593,261408,262258,"Lynchburg, Virginia, United States",-79.1422464,37.4137536,72.56760428851656,".Roanoke, VA Metro Area",Roanoke
186,".Kalamazoo-Portage, MI Metro Area",Kalamazoo-Portage,MI,"Kalamazoo, MI",Metro Area,261670,261629,261108,"Kalamazoo, Kalamazoo County, Michigan, United States",-85.5872286,42.291707,74.89030236567731,".Grand Rapids-Kentwood, MI Metro Area",Grand Rapids-Kentwood
187,".Yakima, WA Metro Area",Yakima,WA,"Yakima, WA",Metro Area,256728,256533,256035,"Yakima, Yakima County, Washington, United States",-120.510842,46.601557,115.5255932555906,".Kennewick-Richland, WA Metro Area",Kennewick-Richland
188,".Charleston, WV Metro Area",Charleston,WV,"Charleston, WV",Metro Area,258859,257840,255020,"Charleston, Kanawha County, West Virginia, United States",-81.6332812,38.3505995,71.34235925439162,".Huntington-Ashland, WV-KY-OH Metro Area",Huntington-Ashland
189,".Fargo, ND-MN Metro Area",Fargo,ND-MN,"Fargo, ND",Metro Area,249843,250219,252136,"Fargo, Cass County, North Dakota, United States",-96.789821,46.877229,345.37427205737805,".Minneapolis-St. Paul-Bloomington, MN-WI Metro Area",Minneapolis-St Paul-Bloomington
190,".Fort Smith, AR-OK Metro Area",Fort Smith,AR-OK,"Fort Smith, AR",Metro Area,244310,244223,245459,"Fort Smith, Sebastian County, Arkansas, United States",-94.3996456,35.3784666,79.00582524354188,".Fayetteville-Springdale-Rogers, AR Metro Area",Fayetteville-Springdale-Rogers
191,".Binghamton, NY Metro Area",Binghamton,NY,"Binghamton, NY",Metro Area,247138,246554,245220,"City of Binghamton, Dickinson, Broome County, New York, 13905, United States",-75.9125262,42.0987125,79.41899186066993,".Scranton--Wilkes-Barre, PA Metro Area",Scranton--Wilkes-Barre
192,".Appleton, WI Metro Area",Appleton,WI,"Appleton, WI",Metro Area,243147,243308,244084,"Appleton, Outagamie County, Wisconsin, United States",-88.4069744,44.2613967,42.0360447448831,".Green Bay, WI Metro Area",Green Bay
193,".Prescott Valley-Prescott, AZ Metro Area",Prescott Valley-Prescott,AZ,"Prescott Valley, AZ",Metro Area,236209,237067,242253,"Prescott Valley, Yavapai County, Arizona, United States",-112.315721,34.6100243,130.7638980308474,".Phoenix-Mesa-Chandler, AZ Metro Area",Phoenix-Mesa-Chandler
194,".Daphne-Fairhope-Foley, AL Metro Area",Daphne-Fairhope-Foley,AL,"Daphne, AL",Metro Area,231767,233140,239294,"Daphne, Baldwin County, Alabama, 36526, United States",-87.9036047,30.6035255,19.674256791435607,".Mobile, AL Metro Area",Mobile
195,".Tyler, TX Metro Area",Tyler,TX,"Tyler, TX",Metro Area,233479,234063,237186,"Tyler, Smith County, Texas, United States",-95.3010624,32.3512601,55.2670037714686,".Longview, TX Metro Area",Longview
196,".Macon-Bibb County, GA Metro Area",Macon-Bibb County,GA,"Macon, GA",Metro Area,233802,233592,233883,"Macon, Bibb County, Georgia, United States",-83.6324022,32.8406946,123.00725119343734,".Atlanta-Sandy Springs-Alpharetta, GA Metro Area",Atlanta-Sandy Springs-Alpharetta
197,".Topeka, KS Metro Area",Topeka,KS,"Topeka, KS",Metro Area,233152,232747,232670,"Topeka, Shawnee County, Kansas, United States",-95.677556,39.049011,95.30664115600182,".Kansas City, MO-KS Metro Area",Kansas City
198,".Barnstable Town, MA Metro Area",Barnstable Town,MA,"Barnstable Town, MA",Metro Area,228996,228969,232411,"Barnstable, Barnstable County, Massachusetts, United States",-70.3036163,41.7016936,93.2340701939924,".Providence-Warwick, RI-MA Metro Area",Providence-Warwick
199,".Bellingham, WA Metro Area",Bellingham,WA,"Bellingham, WA",Metro Area,226847,227304,228831,"Bellingham, Whatcom County, Washington, United States",-122.478836,48.7544012,128.41358103037672,".Seattle-Tacoma-Bellevue, WA Metro Area",Seattle-Tacoma-Bellevue
200,".Rochester, MN Metro Area",Rochester,MN,"Rochester, MN",Metro Area,226329,226515,227151,"Rochester, Olmsted County, Minnesota, United States",-92.4630182,44.0234387,123.72261534224306,".Minneapolis-St. Paul-Bloomington, MN-WI Metro Area",Minneapolis-St Paul-Bloomington
201,".Burlington-South Burlington, VT Metro Area",Burlington-South Burlington,VT,"Burlington, VT",Metro Area,225562,225563,226611,"Burlington, Chittenden County, Vermont, United States",-73.212906,44.4761601,207.43757670532375,".Albany-Schenectady-Troy, NY Metro Area",Albany-Schenectady-Troy
202,".Lafayette-West Lafayette, IN Metro Area",Lafayette-West Lafayette,IN,"Lafayette, IN",Metro Area,223716,223679,224709,"Lafayette, Tippecanoe County, Indiana, United States",-86.8752869,40.4167022,94.44997927526671,".Indianapolis-Carmel-Anderson, IN Metro Area",Indianapolis-Carmel-Anderson
203,".Medford, OR Metro Area",Medford,OR,"Medford, OR",Metro Area,223259,223394,223734,"Medford, Jackson County, Oregon, United States",-122.8718605,42.3264181,192.39707107036136,".Eugene-Springfield, OR Metro Area",Eugene-Springfield
204,".Champaign-Urbana, IL Metro Area",Champaign-Urbana,IL,"Champaign, IL",Metro Area,222538,222123,222696,"Champaign, Champaign County, Illinois, United States",-88.2430932,40.1164841,121.02685623535338,".Lafayette-West Lafayette, IN Metro Area",Lafayette-West Lafayette
205,".Charlottesville, VA Metro Area",Charlottesville,VA,"Charlottesville, VA",Metro Area,221524,221522,222688,"Charlottesville, Virginia, United States",-78.4766781,38.029306,90.06024923050498,".Lynchburg, VA Metro Area",Lynchburg
206,".Hilton Head Island-Bluffton, SC Metro Area",Hilton Head Island-Bluffton,SC,"Hilton Head Island, SC",Metro Area,215908,216764,222072,"Hilton Head Island, Beaufort County, South Carolina, United States",-80.7512616,32.1618488,34.494420386461144,".Savannah, GA Metro Area",Savannah
207,".Las Cruces, NM Metro Area",Las Cruces,NM,"Las Cruces, NM",Metro Area,219561,219899,221508,"Las Cruces, Doa Ana County, New Mexico, United States",-106.779807,32.3140354,66.66094637031586,".El Paso, TX Metro Area",El Paso
208,".Athens-Clarke County, GA Metro Area",Athens-Clarke County,GA,"Athens, GA",Metro Area,215415,215638,217759,"Athens-Clarke County Unified Government, Athens-Clarke County, Georgia, United States",-83.376398,33.9597677,96.69378258409924,".Atlanta-Sandy Springs-Alpharetta, GA Metro Area",Atlanta-Sandy Springs-Alpharetta
209,".Lake Havasu City-Kingman, AZ Metro Area",Lake Havasu City-Kingman,AZ,"Lake Havasu City, AZ",Metro Area,213267,214070,217692,"Lake Havasu City, Mohave County, Arizona, United States",-114.3224495,34.4838502,184.72248143213204,".Prescott Valley-Prescott, AZ Metro Area",Prescott Valley-Prescott
210,".Columbia, MO Metro Area",Columbia,MO,"Columbia, MO",Metro Area,210864,211127,213123,"Columbia, Boone County, Missouri, United States",-92.3337366,38.951883,185.08761500797775,".St. Louis, MO-IL Metro Area",St Louis
211,".Lake Charles, LA Metro Area",Lake Charles,LA,"Lake Charles, LA",Metro Area,222402,222035,210362,"Lake Charles, Calcasieu Parish, Louisiana, United States",-93.2061609,30.2072293,87.33313258218563,".Beaumont-Port Arthur, TX Metro Area",Beaumont-Port Arthur
212,".Chico, CA Metro Area",Chico,CA,"Chico, CA",Metro Area,211632,210083,208309,"Chico, Butte County, CAL Fire Northern Region, California, United States",-121.8374777,39.7284945,130.8020667192473,".Sacramento-Roseville-Folsom, CA Metro Area",Sacramento-Roseville-Folsom
213,".Johnson City, TN Metro Area",Johnson City,TN,"Johnson City, TN",Metro Area,207285,207262,208068,"Johnson City, Washington County, Tennessee, United States",-82.3534728,36.3134398,32.117541641449336,".Kingsport-Bristol, TN-VA Metro Area",Kingsport-Bristol
214,".Gainesville, GA Metro Area",Gainesville,GA,"Gainesville, GA",Metro Area,203136,203589,207369,"Gainesville, Hall County, Georgia, United States",-83.8240663,34.2978794,55.78440771532464,".Athens-Clarke County, GA Metro Area",Athens-Clarke County
215,".Yuma, AZ Metro Area",Yuma,AZ,"Yuma, AZ",Metro Area,203881,204437,206990,"Yuma, Yuma County, Arizona, United States",-114.47603157249804,32.665135,202.22559372389688,".Lake Havasu City-Kingman, AZ Metro Area",Lake Havasu City-Kingman
216,".Elkhart-Goshen, IN Metro Area",Elkhart-Goshen,IN,"Elkhart, IN",Metro Area,207047,206842,206921,"Elkhart, Elkhart County, Indiana, United States",-85.9766671,41.6819935,22.759057566020545,".South Bend-Mishawaka, IN-MI Metro Area",South Bend-Mishawaka
217,".Springfield, IL Metro Area",Springfield,IL,"Springfield, IL",Metro Area,208640,208277,206898,"Springfield, Sangamon County, Illinois, United States",-89.6439575,39.7990175,99.47241363657277,".Peoria, IL Metro Area",Peoria
218,".Houma-Thibodaux, LA Metro Area",Houma-Thibodaux,LA,"Houma, LA",Metro Area,207137,206814,206212,"Houma, Terrebonne Parish, Louisiana, United States",-90.7195348,29.5957696,74.97863726465991,".New Orleans-Metairie, LA Metro Area",New Orleans-Metairie
219,".Jacksonville, NC Metro Area",Jacksonville,NC,"Jacksonville, NC",Metro Area,204576,204735,206160,"Jacksonville, Onslow County, North Carolina, United States",-77.4208221,34.7494749,75.43994052577254,".Wilmington, NC Metro Area",Wilmington
220,".Monroe, LA Metro Area",Monroe,LA,"Monroe, LA",Metro Area,207104,206557,204884,"Monroe, Ouachita Parish, Louisiana, United States",-92.1032411,32.5102427,155.39143756315593,".Shreveport-Bossier City, LA Metro Area",Shreveport-Bossier City
221,".Bend, OR Metro Area",Bend,OR,"Bend, OR",Metro Area,198253,199355,204801,"Bend, Deschutes County, Oregon, United States",-121.3153096,44.0581728,142.61567712031854,".Eugene-Springfield, OR Metro Area",Eugene-Springfield
222,".St. Cloud, MN Metro Area",St Cloud,MN,"St Cloud, MN",Metro Area,199671,199687,200406,"St. Cloud, Stearns County, Minnesota, United States",-94.1642004,45.5616075,95.8703176056987,".Minneapolis-St. Paul-Bloomington, MN-WI Metro Area",Minneapolis-St Paul-Bloomington
223,".Florence, SC Metro Area",Florence,SC,"Florence, SC",Metro Area,199964,199638,199259,"Florence, Florence County, South Carolina, United States",-79.7671658,34.1984435,98.41116987248289,".Myrtle Beach-Conway-North Myrtle Beach, SC-NC Metro Area",Myrtle Beach-Conway-North Myrtle Beach
224,".Racine, WI Metro Area",Racine,WI,"Racine, WI",Metro Area,197727,197440,196896,"Racine, Racine County, Wisconsin, United States",-87.7825242,42.7260523,36.17539271751761,".Milwaukee-Waukesha, WI Metro Area",Milwaukee-Waukesha
225,".Warner Robins, GA Metro Area",Warner Robins,GA,"Warner Robins, GA",Metro Area,191614,192277,195246,"Warner Robins, Houston County, Georgia, United States",-83.606568,32.6200973,24.583727791273493,".Macon-Bibb County, GA Metro Area",Macon-Bibb County
226,".Punta Gorda, FL Metro Area",Punta Gorda,FL,"Punta Gorda, FL",Metro Area,186847,187960,194843,"Punta Gorda, Charlotte County, Florida, United States",-82.0453664,26.9297836,22.773009867390464,".North Port-Sarasota-Bradenton, FL Metro Area",North Port-Sarasota-Bradenton
227,".St. George, UT Metro Area",St George,UT,"St George, UT",Metro Area,180279,181924,191226,"St. George, Washington County, Utah, United States",-113.5841313,37.104153,174.30607359917795,".Las Vegas-Henderson-Paradise, NV Metro Area",Las Vegas-Henderson-Paradise
228,".Saginaw, MI Metro Area",Saginaw,MI,"Saginaw, MI",Metro Area,190124,189831,189591,"City of Saginaw, Saginaw County, Michigan, United States",-83.9490365,43.4200387,49.55909908804699,".Flint, MI Metro Area",Flint
229,".Billings, MT Metro Area",Billings,MT,"Billings, MT",Metro Area,184167,184567,187037,"Billings, Yellowstone County, Montana, United States",-108.49607,45.7874957,579.7503706463615,".Ogden-Clearfield, UT Metro Area",Ogden-Clearfield
230,".Terre Haute, IN Metro Area",Terre Haute,IN,"Terre Haute, IN",Metro Area,185031,184784,184910,"Terre Haute, Vigo County, Indiana, United States",-87.4139119,39.4667025,101.23678570323875,".Champaign-Urbana, IL Metro Area",Champaign-Urbana
231,".Dover, DE Metro Area",Dover,DE,"Dover, DE",Metro Area,181851,182256,184149,"Dover, Kent County, Delaware, United States",-75.5243682,39.158168,88.18817009456896,".Salisbury, MD-DE Metro Area",Salisbury
232,".Kingston, NY Metro Area",Kingston,NY,"Kingston, NY",Metro Area,181851,181687,182951,"City of Kingston, Ulster County, New York, 12401, United States",-74.0023702,41.9287812,25.437043709788153,".Poughkeepsie-Newburgh-Middletown, NY Metro Area",Poughkeepsie-Newburgh-Middletown
233,".Bowling Green, KY Metro Area",Bowling Green,KY,"Bowling Green, KY",Metro Area,179639,179978,182594,"Bowling Green, Warren County, Kentucky, 42101, United States",-86.4436018,36.9903199,96.5086438968428,".Clarksville, TN-KY Metro Area",Clarksville
234,".Joplin, MO Metro Area",Joplin,MO,"Joplin, MO",Metro Area,181409,181379,182541,"Joplin, Jasper County, Missouri, United States",-94.5133385,37.0841838,108.99542147697606,".Springfield, MO Metro Area",Springfield
235,".Yuba City, CA Metro Area",Yuba City,CA,"Yuba City, CA",Metro Area,181208,181412,182484,"Yuba City, Sutter County, CAL Fire Northern Region, California, 95991, United States",-121.6169108,39.1404477,63.01035690457147,".Sacramento-Roseville-Folsom, CA Metro Area",Sacramento-Roseville-Folsom
236,".Redding, CA Metro Area",Redding,CA,"Redding, CA",Metro Area,182155,181893,182139,"Redding, Shasta County, California, United States",-122.391675,40.5863563,106.31434313228883,".Chico, CA Metro Area",Chico
237,".Jackson, TN Metro Area",Jackson,TN,"Jackson, TN",Metro Area,180504,180383,180799,"Jackson, Madison County, West Tennessee, Tennessee, United States",-88.8177418,35.6144446,117.26491877637076,".Memphis, TN-MS-AR Metro Area",Memphis
238,".El Centro, CA Metro Area",El Centro,CA,"El Centro, CA",Metro Area,179702,179489,179851,"El Centro, Imperial County, California, 92243, United States",-115.563051,32.792,102.8616094401651,".Yuma, AZ Metro Area",Yuma
239,".Coeur d'Alene, ID Metro Area",Coeur d'Alene,ID,"Coeur d'Alene, ID",Metro Area,171362,172646,179789,"Coeur d'Alene, Kootenai County, Idaho, 83815, United States",-116.7811531,47.6742994,48.282271355036144,".Spokane-Spokane Valley, WA Metro Area",Spokane-Spokane Valley
240,".Panama City, FL Metro Area",Panama City,FL,"Panama City, FL",Metro Area,175216,174461,179168,"Panama City, Bay County, Florida, United States",-85.6545729,30.1600827,110.41794564277308,".Crestview-Fort Walton Beach-Destin, FL Metro Area",Crestview-Fort Walton Beach-Destin
241,".Abilene, TX Metro Area",Abilene,TX,"Abilene, TX",Metro Area,176579,176809,177314,"Abilene, Taylor County, Texas, United States",-99.7475905,32.44645,234.57966370250313,".Lubbock, TX Metro Area",Lubbock
242,".Iowa City, IA Metro Area",Iowa City,IA,"Iowa City, IA",Metro Area,175419,175495,177239,"Iowa City, Johnson County, Iowa, United States",-91.5299106,41.6612561,36.8440369125029,".Cedar Rapids, IA Metro Area",Cedar Rapids
243,".Auburn-Opelika, AL Metro Area",Auburn-Opelika,AL,"Auburn, AL",Metro Area,174241,174601,177218,"Auburn, Lee County, Alabama, United States",-85.4807825,32.6098566,49.14048970588213,".Columbus, GA-AL Metro Area",Columbus
244,".Muskegon, MI Metro Area",Muskegon,MI,"Muskegon, MI",Metro Area,175824,175817,176511,"Muskegon, Muskegon County, Michigan, United States",-86.2483921,43.2341813,56.032054673542206,".Grand Rapids-Kentwood, MI Metro Area",Grand Rapids-Kentwood
245,".Burlington, NC Metro Area",Burlington,NC,"Burlington, NC",Metro Area,171415,171842,173877,"Burlington, Alamance County, North Carolina, United States",-79.4377991,36.0956918,32.00228103199366,".Greensboro-High Point, NC Metro Area",Greensboro-High Point
246,".Eau Claire, WI Metro Area",Eau Claire,WI,"Eau Claire, WI",Metro Area,172007,172097,173317,"Eau Claire, Eau Claire County, Wisconsin, United States",-91.4984941,44.811349,116.47249321963767,".Rochester, MN Metro Area",Rochester
247,".Midland, TX Metro Area",Midland,TX,"Midland, TX",Metro Area,175220,175471,173180,"Midland, Midland County, Texas, United States",-102.077948,31.9973662,174.68111143540145,".Lubbock, TX Metro Area",Lubbock
248,".Hattiesburg, MS Metro Area",Hattiesburg,MS,"Hattiesburg, MS",Metro Area,172231,172287,173078,"Hattiesburg, Forrest County, Mississippi, United States",-89.2903392,31.3271189,108.06335395681425,".Gulfport-Biloxi, MS Metro Area",Gulfport-Biloxi
249,".Greenville, NC Metro Area",Greenville,NC,"Greenville, NC",Metro Area,170243,170570,172169,"Greenville, Pitt County, North Carolina, United States",-77.3724593,35.613224,95.92889406566196,".Jacksonville, NC Metro Area",Jacksonville
250,".Oshkosh-Neenah, WI Metro Area",Oshkosh-Neenah,WI,"Oshkosh, WI",Metro Area,171730,171646,171623,"Oshkosh, Winnebago County, Wisconsin, United States",-88.5408574,44.0206919,28.811572767894205,".Appleton, WI Metro Area",Appleton
251,".Bloomington, IL Metro Area",Bloomington,IL,"Bloomington, IL",Metro Area,170954,170870,170889,"Bloomington, McLean County, Illinois, United States",-88.9939147,40.4797828,55.71366270503751,".Peoria, IL Metro Area",Peoria
252,".Pueblo, CO Metro Area",Pueblo,CO,"Pueblo, CO",Metro Area,168162,168467,169622,"Pueblo, Pueblo County, Colorado, United States",-104.609141,38.2544472,67.03408210463198,".Colorado Springs, CO Metro Area",Colorado Springs
253,".East Stroudsburg, PA Metro Area",East Stroudsburg,PA,"East Stroudsburg, PA",Metro Area,168327,168248,169273,"East Stroudsburg, Monroe County, Pennsylvania, 18301, United States",-75.1812913,40.9995386,50.455492474055546,".Allentown-Bethlehem-Easton, PA-NJ Metro Area",Allentown-Bethlehem-Easton
254,".Waterloo-Cedar Falls, IA Metro Area",Waterloo-Cedar Falls,IA,"Waterloo, IA",Metro Area,168461,168266,167796,"Waterloo, Black Hawk County, Iowa, United States",-92.3328743,42.498275,79.73082374827096,".Cedar Rapids, IA Metro Area",Cedar Rapids
255,".Wausau-Weston, WI Metro Area",Wausau-Weston,WI,"Wausau, WI",Metro Area,166428,166328,166189,"Wausau, Marathon County, Wisconsin, United States",-89.6298239,44.9596017,124.26396766366051,".Appleton, WI Metro Area",Appleton
256,".Blacksburg-Christiansburg, VA Metro Area",Blacksburg-Christiansburg,VA,"Blacksburg, VA",Metro Area,166378,166111,165293,"Blacksburg, Montgomery County, Virginia, United States",-80.4136767,37.2296566,42.14728572281446,".Roanoke, VA Metro Area",Roanoke
257,".Janesville-Beloit, WI Metro Area",Janesville-Beloit,WI,"Janesville, WI",Metro Area,163687,163643,164381,"Janesville, Rock County, Wisconsin, United States",-89.0226793,42.6829765,46.09382410232217,".Rockford, IL Metro Area",Rockford
258,".Sebastian-Vero Beach, FL Metro Area",Sebastian-Vero Beach,FL,"Sebastian, FL",Metro Area,159788,160345,163662,"Sebastian, Indian River County, Florida, 32958, United States",-80.4706078,27.816415,25.64026941732993,".Palm Bay-Melbourne-Titusville, FL Metro Area",Palm Bay-Melbourne-Titusville
259,".Idaho Falls, ID Metro Area",Idaho Falls,ID,"Idaho Falls, ID",Metro Area,157429,158258,162786,"Idaho Falls, Bonneville County, Idaho, 83403, United States",-112.03628,43.4887907,251.73652083830228,".Ogden-Clearfield, UT Metro Area",Ogden-Clearfield
260,".Bloomington, IN Metro Area",Bloomington,IN,"Bloomington, IN",Metro Area,161039,160815,161321,"Bloomington, Monroe County, Indiana, United States",-86.5342881,39.1670396,74.18356349086513,".Indianapolis-Carmel-Anderson, IN Metro Area",Indianapolis-Carmel-Anderson
261,".Odessa, TX Metro Area",Odessa,TX,"Odessa, TX",Metro Area,165171,165467,161091,"Odessa, Ector County, Texas, United States",-102.367687,31.8457149,32.15001550259951,".Midland, TX Metro Area",Midland
262,".Jackson, MI Metro Area",Jackson,MI,"Jackson, MI",Metro Area,160366,160200,160050,"Jackson, Jackson County, Michigan, United States",-84.4016963,42.2465036,55.37646701460113,".Ann Arbor, MI Metro Area",Ann Arbor
263,".Madera, CA Metro Area",Madera,CA,"Madera, CA",Metro Area,156255,156620,159410,"Madera, Madera County, California, United States",-120.0594685,36.9622745,34.80587220041301,".Fresno, CA Metro Area",Fresno
264,".Homosassa Springs, FL Metro Area",Homosassa Springs,FL,"Homosassa Springs, FL",Metro Area,153843,154403,158083,"Homosassa Springs, Citrus County, Florida, United States",-82.5759329,28.8035939,60.094631352236895,".Ocala, FL Metro Area",Ocala
265,".State College, PA Metro Area",State College,PA,"State College, PA",Metro Area,158172,157929,157527,"State College, Centre County, Pennsylvania, United States",-77.8616386,40.7944504,101.34723639207763,".Harrisburg-Carlisle, PA Metro Area",Harrisburg-Carlisle
266,".Grand Junction, CO Metro Area",Grand Junction,CO,"Grand Junction, CO",Metro Area,155703,155939,157335,"Grand Junction, Mesa County, Colorado, United States",-108.5507317,39.063956,296.66911339538404,".Provo-Orem, UT Metro Area",Provo-Orem
267,".Elizabethtown-Fort Knox, KY Metro Area",Elizabethtown-Fort Knox,KY,"Elizabethtown, KY",Metro Area,155572,155570,156766,"Elizabethtown, Hardin County, Kentucky, 42701, United States",-85.8591285,37.693952,62.80363638945184,".Louisville/Jefferson County, KY-IN Metro Area",Louisville-Jefferson County
268,".Decatur, AL Metro Area",Decatur,AL,"Decatur, AL",Metro Area,156494,156399,156758,"Decatur, Morgan County, Alabama, United States",-87.05791872812708,34.6240205,44.82297537502587,".Huntsville, AL Metro Area",Huntsville
269,".Chambersburg-Waynesboro, PA Metro Area",Chambersburg-Waynesboro,PA,"Chambersburg, PA",Metro Area,155932,155874,156289,"Chambersburg, Franklin County, Pennsylvania, United States",-77.6598624,39.9405903,33.424048590698625,".Hagerstown-Martinsburg, MD-WV Metro Area",Hagerstown-Martinsburg
270,".Monroe, MI Metro Area",Monroe,MI,"Monroe, MI",Metro Area,154809,154796,155274,"Monroe, Monroe County, Michigan, United States",-83.3968252,41.9145037,31.329530393593988,".Toledo, OH Metro Area",Toledo
271,".Santa Fe, NM Metro Area",Santa Fe,NM,"Santa Fe, NM",Metro Area,154823,154977,155201,"Santa Fe, Santa Fe County, New Mexico, United States",-105.938456,35.6876096,93.13590894227822,".Albuquerque, NM Metro Area",Albuquerque
272,".Vineland-Bridgeton, NJ Metro Area",Vineland-Bridgeton,NJ,"Vineland, NJ",Metro Area,154152,153848,153627,"Vineland, Cumberland County, New Jersey, United States",-75.0254256,39.4862777,53.12555025307308,".Philadelphia-Camden-Wilmington, PA-NJ-DE-MD Metro Area",Philadelphia-Camden-Wilmington
273,".Hanford-Corcoran, CA Metro Area",Hanford-Corcoran,CA,"Hanford, CA",Metro Area,152486,152627,153443,"Hanford, Kings County, California, 93230, United States",-119.6456844,36.3274502,31.752844241724155,".Visalia, CA Metro Area",Visalia
274,".Niles, MI Metro Area",Niles,MI,"Niles, MI",Metro Area,154316,154095,153101,"Niles, Berrien County, Michigan, 49120, United States",-86.2541768,41.8297694,16.262813847101633,".South Bend-Mishawaka, IN-MI Metro Area",South Bend-Mishawaka
275,".Bangor, ME Metro Area",Bangor,ME,"Bangor, ME",Metro Area,152199,152007,152765,"Bangor, Penobscot County, Maine, 04401, United States",-68.7778138,44.8011821,173.13008100184416,".Portland-South Portland, ME Metro Area",Portland-South Portland
276,".Logan, UT-ID Metro Area",Logan,UT-ID,"Logan, UT",Metro Area,147348,147796,152083,"Logan, Cache County, Utah, United States",-111.8349145,41.7313063,57.6338096235805,".Ogden-Clearfield, UT Metro Area",Ogden-Clearfield
277,".Dothan, AL Metro Area",Dothan,AL,"Dothan, AL",Metro Area,151007,151032,151618,"Dothan, Houston County, Alabama, United States",-85.3933906,31.2237434,120.54762092479133,".Panama City, FL Metro Area",Panama City
278,".Florence-Muscle Shoals, AL Metro Area",Florence-Muscle Shoals,AL,"Florence, AL",Metro Area,150791,150846,151517,"Florence, Lauderdale County, Alabama, United States",-87.677251,34.79981,59.99299774777294,".Decatur, AL Metro Area",Decatur
279,".Alexandria, LA Metro Area",Alexandria,LA,"Alexandria, LA",Metro Area,152192,151736,150890,"Alexandria, Rapides Parish, Louisiana, United States",-92.4616292,31.2909782,127.3676618205978,".Lafayette, LA Metro Area",Lafayette
280,".Jefferson City, MO Metro Area",Jefferson City,MO,"Jefferson City, MO",Metro Area,150309,150199,150706,"Jefferson City, Cole County, Missouri, United States",-92.1724265,38.577359,43.87644592715403,".Columbia, MO Metro Area",Columbia
281,".Sioux City, IA-NE-SD Metro Area",Sioux City,IA-NE-SD,"Sioux City, IA",Metro Area,149940,149743,149265,"Sioux City, Woodbury County, Iowa, United States",-96.4058782,42.4966815,119.84822424083859,".Sioux Falls, SD Metro Area",Sioux Falls
282,".Valdosta, GA Metro Area",Valdosta,GA,"Valdosta, GA",Metro Area,148126,148160,149152,"Valdosta, Lowndes County, Georgia, United States",-83.2784851,30.8327022,105.5892999365685,".Tallahassee, FL Metro Area",Tallahassee
283,".Wichita Falls, TX Metro Area",Wichita Falls,TX,"Wichita Falls, TX",Metro Area,148128,148348,149013,"Wichita Falls, Wichita County, Texas, United States",-98.5020777,33.9004572,196.41358467940995,".Oklahoma City, OK Metro Area",Oklahoma City
284,".Albany, GA Metro Area",Albany,GA,"Albany, GA",Metro Area,148922,148417,147773,"Albany, Dougherty County, Georgia, United States",-84.1556809,31.5782062,117.55879738452465,".Valdosta, GA Metro Area",Valdosta
285,".Texarkana, TX-AR Metro Area",Texarkana,TX-AR,"Texarkana, TX",Metro Area,147519,147333,147174,"Texarkana, Bowie County, Texas, United States",-94.07714830522015,33.44667445,112.31890173553585,".Shreveport-Bossier City, LA Metro Area",Shreveport-Bossier City
286,".Winchester, VA-WV Metro Area",Winchester,VA-WV,"Winchester, VA",Metro Area,142632,142841,145155,"Winchester, Virginia, 22601, United States",-78.1652404,39.1852184,63.716176027374615,".Hagerstown-Martinsburg, MD-WV Metro Area",Hagerstown-Martinsburg
287,".Flagstaff, AZ Metro Area",Flagstaff,AZ,"Flagstaff, AZ",Metro Area,145101,145116,145052,"Flagstaff, Coconino County, Arizona, United States",-111.6165953319917,35.1816047,90.0240474130507,".Prescott Valley-Prescott, AZ Metro Area",Prescott Valley-Prescott
288,".Morristown, TN Metro Area",Morristown,TN,"Morristown, TN",Metro Area,142709,142830,143855,"Morristown, Hamblen County, East Tennessee, Tennessee, 37814, United States",-83.2948923,36.2139814,63.02240891587813,".Knoxville, TN Metro Area",Knoxville
289,".Rocky Mount, NC Metro Area",Rocky Mount,NC,"Rocky Mount, NC",Metro Area,143870,143724,143535,"Rocky Mount, Edgecombe County, North Carolina, United States",-77.7956949,35.9423833,52.898143220317145,".Greenville, NC Metro Area",Greenville
290,".Lebanon, PA Metro Area",Lebanon,PA,"Lebanon, PA",Metro Area,143257,143242,143493,"Lebanon, Lebanon County, Pennsylvania, United States",-76.4233816,40.3429683,35.301777046222256,".Lancaster, PA Metro Area",Lancaster
291,".Dalton, GA Metro Area",Dalton,GA,"Dalton, GA",Metro Area,142837,142665,142799,"Dalton, Whitfield County, Georgia, United States",-84.9702475,34.7691867,43.616306010561075,".Chattanooga, TN-GA Metro Area",Chattanooga
292,".Rapid City, SD Metro Area",Rapid City,SD,"Rapid City, SD",Metro Area,139074,139328,141979,"Rapid City, Pennington County, South Dakota, United States",-103.2274481,44.0869329,421.0058418747293,".Fort Collins, CO Metro Area",Fort Collins
293,".Morgantown, WV Metro Area",Morgantown,WV,"Morgantown, WV",Metro Area,140038,140092,140745,"Morgantown, Monongalia County, West Virginia, United States",-79.9559437,39.6296809,90.20922290416812,".Pittsburgh, PA Metro Area",Pittsburgh
294,".Sherman-Denison, TX Metro Area",Sherman-Denison,TX,"Sherman, TX",Metro Area,135543,136014,139336,"Sherman, Grayson County, Texas, United States",-96.6089146,33.6398609,97.36864115887296,".Dallas-Fort Worth-Arlington, TX Metro Area",Dallas-Fort Worth-Arlington
295,".La Crosse-Onalaska, WI-MN Metro Area",La Crosse-Onalaska,WI-MN,"La Crosse, WI",Metro Area,139627,139670,139211,"La Crosse, La Crosse County, Wisconsin, United States",-91.2514355,43.8122836,100.09769790821024,".Rochester, MN Metro Area",Rochester
296,".Wheeling, WV-OH Metro Area",Wheeling,WV-OH,"Wheeling, WV",Metro Area,139513,138943,137740,"Wheeling, Ohio County, West Virginia, 26003, United States",-80.7209149,40.0639616,75.00140868743624,".Pittsburgh, PA Metro Area",Pittsburgh
297,".Napa, CA Metro Area",Napa,CA,"Napa, CA",Metro Area,138019,137608,136207,"Napa, Napa County, California, United States",-122.2855293,38.2971367,21.57756467788209,".Vallejo, CA Metro Area",Vallejo
298,".Harrisonburg, VA Metro Area",Harrisonburg,VA,"Harrisonburg, VA",Metro Area,135571,135433,135824,"Harrisonburg, Virginia, United States",-78.8688833,38.4493315,57.90232008626892,".Charlottesville, VA Metro Area",Charlottesville
299,".Sumter, SC Metro Area",Sumter,SC,"Sumter, SC",Metro Area,136700,136510,135782,"Sumter, Sumter County, South Carolina, United States",-80.3414693,33.9204354,61.335556883224164,".Florence, SC Metro Area",Florence
300,".The Villages, FL Metro Area",The Villages,FL,"The Villages, FL",Metro Area,129752,130897,135638,"The Villages, Sumter County, Florida, United States",-82.0041758,28.9269978,31.732197125300328,".Ocala, FL Metro Area",Ocala
301,".Springfield, OH Metro Area",Springfield,OH,"Springfield, OH",Metro Area,136001,135719,135633,"Springfield, Clark County, Ohio, United States",-83.810138,39.9234046,37.4095123441801,".Dayton-Kettering, OH Metro Area",Dayton-Kettering
302,".Hammond, LA Metro Area",Hammond,LA,"Hammond, LA",Metro Area,133157,133549,135217,"Hammond, Tangipahoa Parish, Louisiana, United States",-90.4611995,30.5043583,65.3643064643032,".Baton Rouge, LA Metro Area",Baton Rouge
303,".Jonesboro, AR Metro Area",Jonesboro,AR,"Jonesboro, AR",Metro Area,134196,134469,134878,"Jonesboro, Craighead County, Arkansas, United States",-90.6949871,35.8272257,101.44034008267516,".Memphis, TN-MS-AR Metro Area",Memphis
304,".Bismarck, ND Metro Area",Bismarck,ND,"Bismarck, ND",Metro Area,133626,133666,134417,"Bismarck, Burleigh County, North Dakota, United States",-100.783739,46.808327,304.7147064851585,".Fargo, ND-MN Metro Area",Fargo
305,".Manhattan, KS Metro Area",Manhattan,KS,"Manhattan, KS",Metro Area,134046,134135,133932,"Manhattan, Riley County, Kansas, United States",-96.5716694,39.1836082,78.75703477613438,".Topeka, KS Metro Area",Topeka
306,".Battle Creek, MI Metro Area",Battle Creek,MI,"Battle Creek, MI",Metro Area,134310,134113,133819,"Battle Creek, Calhoun County, Michigan, 49015, United States",-85.1824269,42.3192548,33.51718551866644,".Kalamazoo-Portage, MI Metro Area",Kalamazoo-Portage
307,".Carbondale-Marion, IL Metro Area",Carbondale-Marion,IL,"Carbondale, IL",Metro Area,133435,133297,132907,"Carbondale, Jackson County, Illinois, 62901, United States",-89.216655,37.7274692,134.77432183406566,".St. Louis, MO-IL Metro Area",St Louis
308,".Johnstown, PA Metro Area",Johnstown,PA,"Johnstown, PA",Metro Area,133472,132957,132167,"Johnstown, Cambria County, Pennsylvania, United States",-78.9219698,40.3267407,91.59055017339186,".Pittsburgh, PA Metro Area",Pittsburgh
309,".Mount Vernon-Anacortes, WA Metro Area",Mount Vernon-Anacortes,WA,"Mount Vernon, WA",Metro Area,129523,129852,130696,"Mount Vernon, Skagit County, Washington, 98273, United States",-122.32642,48.4200462,38.84393391412513,".Bellingham, WA Metro Area",Bellingham
310,".Albany-Lebanon, OR Metro Area",Albany-Lebanon,OR,"Albany, OR",Metro Area,128610,128936,129839,"Albany, Linn County, Oregon, United States",-123.1059324,44.6365071,34.122729850873135,".Salem, OR Metro Area",Salem
311,".Pittsfield, MA Metro Area",Pittsfield,MA,"Pittsfield, MA",Metro Area,129026,128758,128657,"Pittsfield, Berkshire County, Massachusetts, United States",-73.260018,42.451302,46.31877603857895,".Albany-Schenectady-Troy, NY Metro Area",Albany-Schenectady-Troy
312,".Cleveland, TN Metro Area",Cleveland,TN,"Cleveland, TN",Metro Area,126164,126310,127938,"Cleveland, Bradley County, Tennessee, United States",-84.8766115,35.1595182,41.43715012267932,".Chattanooga, TN-GA Metro Area",Chattanooga
313,".Lawton, OK Metro Area",Lawton,OK,"Lawton, OK",Metro Area,126652,126672,127543,"Lawton, Comanche County, Oklahoma, United States",-98.3903305,34.6086854,79.23300297185818,".Wichita Falls, TX Metro Area",Wichita Falls
314,".Glens Falls, NY Metro Area",Glens Falls,NY,"Glens Falls, NY",Metro Area,127039,126781,126574,"City of Glens Falls, Warren County, New York, 12801, United States",-73.644447,43.309941,73.73782013883198,".Albany-Schenectady-Troy, NY Metro Area",Albany-Schenectady-Troy
315,".Ames, IA Metro Area",Ames,IA,"Ames, IA",Metro Area,125252,125306,126195,"Ames, Story County, Iowa, United States",-93.6170448,42.0267567,48.40665538223944,".Des Moines-West Des Moines, IA Metro Area",Des Moines-West Des Moines
316,".Sierra Vista-Douglas, AZ Metro Area",Sierra Vista-Douglas,AZ,"Sierra Vista, AZ",Metro Area,125447,125398,126050,"Sierra Vista, Cochise County, Arizona, United States",-110.2997756,31.5545973,97.82608501607955,".Tucson, AZ Metro Area",Tucson
317,".Staunton, VA Metro Area",Staunton,VA,"Staunton, VA",Metro Area,125433,125591,125774,"Staunton, Virginia, 24401, United States",-79.072557,38.1495947,37.7412480556624,".Harrisonburg, VA Metro Area",Harrisonburg
318,".Mansfield, OH Metro Area",Mansfield,OH,"Mansfield, OH",Metro Area,124936,124840,125195,"Mansfield, Richland County, Ohio, United States",-82.5154471,40.75839,91.39215524149435,".Akron, OH Metro Area",Akron
319,".Wenatchee, WA Metro Area",Wenatchee,WA,"Wenatchee, WA",Metro Area,122012,122183,123342,"Wenatchee, Chelan County, Washington, 98801, United States",-120.310349,47.4234599,92.63481414873279,".Yakima, WA Metro Area",Yakima
320,".San Angelo, TX Metro Area",San Angelo,TX,"San Angelo, TX",Metro Area,122888,123010,122344,"San Angelo, Tom Green County, Texas, United States",-100.4405094,31.4649685,127.0257104056939,".Abilene, TX Metro Area",Abilene
321,".New Bern, NC Metro Area",New Bern,NC,"New Bern, NC",Metro Area,122168,121988,122273,"New Bern, Craven County, North Carolina, United States",-77.0441143,35.1084931,52.64028145855834,".Jacksonville, NC Metro Area",Jacksonville
322,".Altoona, PA Metro Area",Altoona,PA,"Altoona, PA",Metro Area,122822,122518,121767,"Altoona, Blair County, Pennsylvania, United States",-78.394736,40.518681,49.5606071871805,".Johnstown, PA Metro Area",Johnstown
323,".Owensboro, KY Metro Area",Owensboro,KY,"Owensboro, KY",Metro Area,121559,121497,121227,"Owensboro, Daviess County, Kentucky, United States",-87.1133304,37.7742152,44.84768780760405,".Evansville, IN-KY Metro Area",Evansville
324,".Farmington, NM Metro Area",Farmington,NM,"Farmington, NM",Metro Area,121661,121429,120993,"Farmington, San Juan County, New Mexico, United States",-108.205445,36.7291152,230.2212441835622,".Albuquerque, NM Metro Area",Albuquerque
325,".St. Joseph, MO-KS Metro Area",St Joseph,MO-KS,"St Joseph, MO",Metro Area,121467,121181,120424,"St. Joseph, Buchanan County, Missouri, United States",-94.8466322,39.7686055,77.73567631378317,".Kansas City, MO-KS Metro Area",Kansas City
326,".Missoula, MT Metro Area",Missoula,MT,"Missoula, MT",Metro Area,117922,118238,119533,"Missoula, Missoula County, Montana, United States",-113.995267,46.8701049,228.96356610186479,".Coeur d'Alene, ID Metro Area",Coeur d'Alene
327,".Lawrence, KS Metro Area",Lawrence,KS,"Lawrence, KS",Metro Area,118785,118814,119363,"Lawrence, Douglas County, Kansas, United States",-95.2359496,38.9719384,39.194417762027484,".Topeka, KS Metro Area",Topeka
328,".Sheboygan, WI Metro Area",Sheboygan,WI,"Sheboygan, WI",Metro Area,118034,117937,117747,"Sheboygan, Sheboygan County, Wisconsin, 53081, United States",-87.71453,43.7508284,72.85907254518254,".Oshkosh-Neenah, WI Metro Area",Oshkosh-Neenah
329,".Twin Falls, ID Metro Area",Twin Falls,ID,"Twin Falls, ID",Metro Area,114283,114501,116905,"Twin Falls, Twin Falls County, Idaho, 83301, United States",-114.4602554,42.5704456,183.2730619524387,".Boise City, ID Metro Area",Boise City
330,".Goldsboro, NC Metro Area",Goldsboro,NC,"Goldsboro, NC",Metro Area,117333,117226,116835,"Goldsboro, Wayne County, North Carolina, United States",-77.9927651,35.3848841,61.71962720555235,".Greenville, NC Metro Area",Greenville
331,".Watertown-Fort Drum, NY Metro Area",Watertown-Fort Drum,NY,"Watertown, NY",Metro Area,116721,116134,116295,"City of Watertown, Town of Watertown, Jefferson County, New York, 13601, United States",-75.9107565,43.9747838,104.71800716127112,".Syracuse, NY Metro Area",Syracuse
332,".Anniston-Oxford, AL Metro Area",Anniston-Oxford,AL,"Anniston, AL",Metro Area,116441,116266,115972,"Anniston, Calhoun County, Alabama, United States",-85.8283224,33.6624824,91.7786215937648,".Birmingham-Hoover, AL Metro Area",Birmingham-Hoover
333,".Weirton-Steubenville, WV-OH Metro Area",Weirton-Steubenville,WV-OH,"Weirton, WV",Metro Area,116903,116595,115585,"Weirton, Hancock County, West Virginia, United States",-80.5895167,40.4189566,40.973433989193886,".Wheeling, WV-OH Metro Area",Wheeling
334,".California-Lexington Park, MD Metro Area",California-Lexington Park,MD,"California, MD",Metro Area,113777,113953,114468,"California, Lexington Park, Saint Mary's County, Maryland, 20619, United States",-76.5074542,38.3004029,79.58855412120501,".Salisbury, MD-DE Metro Area",Salisbury
335,".Brunswick, GA Metro Area",Brunswick,GA,"Brunswick, GA",Metro Area,113495,113492,113963,"Brunswick, Glynn County, Georgia, United States",-81.4914894,31.1499528,92.01476143520277,".Jacksonville, FL Metro Area",Jacksonville
336,".Beckley, WV Metro Area",Beckley,WV,"Beckley, WV",Metro Area,115079,114707,113698,"Beckley, Raleigh County, West Virginia, 25801, United States",-81.1881557,37.7781702,74.58512728728559,".Charleston, WV Metro Area",Charleston
337,".Williamsport, PA Metro Area",Williamsport,PA,"Williamsport, PA",Metro Area,114188,113980,113605,"Williamsport, Lycoming County, Pennsylvania, 17701, United States",-77.0027671,41.2493292,88.14761935312124,".State College, PA Metro Area",State College
338,".Michigan City-La Porte, IN Metro Area",Michigan City-La Porte,IN,"Michigan City, IN",Metro Area,112417,112222,112390,"Michigan City, LaPorte County, Indiana, United States",-86.8950297,41.7075394,53.761577367698116,".South Bend-Mishawaka, IN-MI Metro Area",South Bend-Mishawaka
339,".Muncie, IN Metro Area",Muncie,IN,"Muncie, IN",Metro Area,111903,111669,111871,"Muncie, Delaware County, Indiana, United States",-85.3865271,40.1936892,81.09805914039585,".Indianapolis-Carmel-Anderson, IN Metro Area",Indianapolis-Carmel-Anderson
340,".Longview, WA Metro Area",Longview,WA,"Longview, WA",Metro Area,110730,110924,111524,"Longview, Cowlitz County, Washington, United States",-122.934462,46.1377048,71.54667144629076,".Portland-Vancouver-Hillsboro, OR-WA Metro Area",Portland-Vancouver-Hillsboro
341,".Lewiston-Auburn, ME Metro Area",Lewiston-Auburn,ME,"Lewiston, ME",Metro Area,111139,111039,111034,"Lewiston, Androscoggin County, Maine, 04240, United States",-70.2147764,44.100351,48.91935063715706,".Portland-South Portland, ME Metro Area",Portland-South Portland
342,".Kankakee, IL Metro Area",Kankakee,IL,"Kankakee, IL",Metro Area,107502,107236,106601,"Kankakee  County, Illinois, United States",-87.848682,41.1253903,85.39482772540809,".Chicago-Naperville-Elgin, IL-IN-WI Metro Area",Chicago-Naperville-Elgin
343,".Ithaca, NY Metro Area",Ithaca,NY,"Ithaca, NY",Metro Area,105740,105404,105162,"Town of Ithaca, Ulysses, Tompkins County, New York, United States",-76.54836230003966,42.43717945,64.53900099758306,".Binghamton, NY Metro Area",Binghamton
344,".Fond du Lac, WI Metro Area",Fond du Lac,WI,"Fond du Lac, WI",Metro Area,104154,104076,104362,"Fond du Lac, Fond du Lac County, Wisconsin, United States",-88.4458033,43.7748763,28.360242403607586,".Oshkosh-Neenah, WI Metro Area",Oshkosh-Neenah
345,".Gettysburg, PA Metro Area",Gettysburg,PA,"Gettysburg, PA",Metro Area,103852,103795,104127,"Gettysburg, Adams County, Pennsylvania, United States",-77.231012,39.8308973,38.65121278529295,".Chambersburg-Waynesboro, PA Metro Area",Chambersburg-Waynesboro
346,".Mankato, MN Metro Area",Mankato,MN,"Mankato, MN",Metro Area,103566,103663,103612,"Mankato, Blue Earth County, Minnesota, 56001, United States",-93.9993505,44.1634663,107.5951292996309,".Minneapolis-St. Paul-Bloomington, MN-WI Metro Area",Minneapolis-St Paul-Bloomington
347,".Grand Forks, ND-MN Metro Area",Grand Forks,ND-MN,"Grand Forks, ND",Metro Area,104362,104113,103462,"Grand Forks, Grand Forks County, North Dakota, United States",-97.0592028,47.9078244,116.37075126171911,".Fargo, ND-MN Metro Area",Fargo
348,".Sebring-Avon Park, FL Metro Area",Sebring-Avon Park,FL,"Sebring, FL",Metro Area,101235,101222,103296,"Sebring, Highlands County, Florida, 33870, United States",-81.4410425,27.4957453,78.39225815030235,".Lakeland-Winter Haven, FL Metro Area",Lakeland-Winter Haven
349,".Gadsden, AL Metro Area",Gadsden,AL,"Gadsden, AL",Metro Area,103436,103393,103162,"Gadsden, Etowah County, Alabama, United States",-85.9989596,34.010929,41.7521815036951,".Anniston-Oxford, AL Metro Area",Anniston-Oxford
350,".Bay City, MI Metro Area",Bay City,MI,"Bay City, MI",Metro Area,103856,103594,102985,"Bay City, Bay County, Michigan, 48708, United States",-83.8888648,43.5944677,19.981059760135288,".Saginaw, MI Metro Area",Saginaw
351,".Decatur, IL Metro Area",Decatur,IL,"Decatur, IL",Metro Area,103998,103647,102432,"Decatur, Macon County, Illinois, United States",-88.9524151,39.8454163,59.42989388057509,".Springfield, IL Metro Area",Springfield
352,".Lima, OH Metro Area",Lima,OH,"Lima, OH",Metro Area,102206,102059,101670,"Lima, Allen County, Ohio, 45804, United States",-84.105006,40.7399785,94.07167770875449,".Springfield, OH Metro Area",Springfield
353,".Cheyenne, WY Metro Area",Cheyenne,WY,"Cheyenne, WY",Metro Area,100512,100690,100863,"Cheyenne, Laramie County, Wyoming, United States",-104.820246,41.139981,68.64790993790896,".Fort Collins, CO Metro Area",Fort Collins
354,".Hot Springs, AR Metro Area",Hot Springs,AR,"Hot Springs, AR",Metro Area,100180,100162,100330,"Hot Springs, Garland County, Arkansas, United States",-93.0552437,34.5038393,75.19274647574642,".Little Rock-North Little Rock-Conway, AR Metro Area",Little Rock-North Little Rock-Conway
355,".Rome, GA Metro Area",Rome,GA,"Rome, GA",Metro Area,98584,98593,98771,"Rome, Floyd County, Georgia, United States",-85.1646726,34.257038,59.552562805016535,".Dalton, GA Metro Area",Dalton
356,".Dubuque, IA Metro Area",Dubuque,IA,"Dubuque, IA",Metro Area,99266,99229,98718,"Dubuque, Dubuque County, Iowa, United States",-90.6647985,42.5006243,101.42346241350468,".Cedar Rapids, IA Metro Area",Cedar Rapids
357,".Victoria, TX Metro Area",Victoria,TX,"Victoria, TX",Metro Area,98331,98241,98127,"Victoria, Victoria County, Texas, United States",-96.9848646,28.8202926,124.09985946882925,".Corpus Christi, TX Metro Area",Corpus Christi
358,".Cape Girardeau, MO-IL Metro Area",Cape Girardeau,MO-IL,"Cape Girardeau, MO",Metro Area,97517,97481,97699,"Cape Girardeau, Cape Girardeau County, Missouri, United States",-89.5230357,37.3034933,54.294732794421016,".Carbondale-Marion, IL Metro Area",Carbondale-Marion
359,".Pocatello, ID Metro Area",Pocatello,ID,"Pocatello, ID",Metro Area,94896,95056,96213,"Pocatello, Bannock County, Idaho, United States",-112.450627,42.8620287,77.35261284485136,".Idaho Falls, ID Metro Area",Idaho Falls
360,".Corvallis, OR Metro Area",Corvallis,OR,"Corvallis, OR",Metro Area,95184,95167,96017,"Corvallis, Benton County, Oregon, United States",-123.2620435,44.5645659,14.748685216396234,".Albany-Lebanon, OR Metro Area",Albany-Lebanon
361,".Ocean City, NJ Metro Area",Ocean City,NJ,"Ocean City, NJ",Metro Area,95263,95077,95661,"Ocean City, Cape May County, New Jersey, United States",-74.5746001,39.2776156,16.236908218718526,".Atlantic City-Hammonton, NJ Metro Area",Atlantic City-Hammonton
362,".Cumberland, MD-WV Metro Area",Cumberland,MD-WV,"Cumberland, MD",Metro Area,95044,94824,94586,"Cumberland, Allegany County, Maryland, 21502, United States",-78.762383,39.6526498,73.05708414705644,".Winchester, VA-WV Metro Area",Winchester
363,".Parkersburg-Vienna, WV Metro Area",Parkersburg-Vienna,WV,"Parkersburg, WV",Metro Area,89490,89179,88687,"Parkersburg, Wood County, West Virginia, United States",-81.5506916,39.2699565,102.31131603861975,".Charleston, WV Metro Area",Charleston
364,".Grants Pass, OR Metro Area",Grants Pass,OR,"Grants Pass, OR",Metro Area,88090,88105,88346,"Grants Pass, Josephine County, Oregon, United States",-123.3272489,42.4393707,39.54538227450543,".Medford, OR Metro Area",Medford
365,".Pine Bluff, AR Metro Area",Pine Bluff,AR,"Pine Bluff, AR",Metro Area,87751,87234,86412,"Pine Bluff, Jefferson County, Arkansas, United States",-92.0140402,34.2157064,64.09362619005692,".Little Rock-North Little Rock-Conway, AR Metro Area",Little Rock-North Little Rock-Conway
366,".Great Falls, MT Metro Area",Great Falls,MT,"Great Falls, MT",Metro Area,84414,84328,84511,"Great Falls, Cascade County, Montana, United States",-111.29189,47.5048851,216.68674610157774,".Missoula, MT Metro Area",Missoula
367,".Kokomo, IN Metro Area",Kokomo,IN,"Kokomo, IN",Metro Area,83658,83619,83687,"Kokomo, Howard County, Indiana, United States",-86.1336351,40.4864444,63.38801480378983,".Lafayette-West Lafayette, IN Metro Area",Lafayette-West Lafayette
368,".Midland, MI Metro Area",Midland,MI,"Midland, MI",Metro Area,83494,83476,83457,"Midland, Midland County, Michigan, United States",-84.2472117,43.6155825,29.026555675717045,".Bay City, MI Metro Area",Bay City
369,".Elmira, NY Metro Area",Elmira,NY,"Elmira, NY",Metro Area,84148,83882,83045,"City of Elmira, Ashland, Chemung County, New York, United States",-76.8077338,42.0897965,44.123713830868105,".Ithaca, NY Metro Area",Ithaca
370,".Bloomsburg-Berwick, PA Metro Area",Bloomsburg-Berwick,PA,"Bloomsburg, PA",Metro Area,82863,82782,82959,"Bloomsburg, Columbia County, Pennsylvania, United States",-76.4537302,41.0044958,53.525035488085756,".Williamsport, PA Metro Area",Williamsport
371,".Hinesville, GA Metro Area",Hinesville,GA,"Hinesville, GA",Metro Area,81424,81507,82863,"Hinesville, Liberty County, Georgia, 31313, United States",-81.5960354,31.8477298,52.71018571599754,".Savannah, GA Metro Area",Savannah
372,".Columbus, IN Metro Area",Columbus,IN,"Columbus, IN",Metro Area,82208,82157,82475,"Columbus, Bartholomew County, Indiana, 47201, United States",-85.9213796,39.2014405,53.093526497073796,".Bloomington, IN Metro Area",Bloomington
373,".Casper, WY Metro Area",Casper,WY,"Casper, WY",Metro Area,79955,80229,79555,"Casper, Natrona County, Wyoming, United States",-106.325138,42.8501191,227.21069661340093,".Cheyenne, WY Metro Area",Cheyenne
374,".Grand Island, NE Metro Area",Grand Island,NE,"Grand Island, NE",Metro Area,77038,76885,76175,"Grand Island, Hall County, Nebraska, United States",-98.338685,40.924271,138.08697016270594,".Lincoln, NE Metro Area",Lincoln
375,".Danville, IL Metro Area",Danville,IL,"Danville, IL",Metro Area,74188,73883,73095,"Danville, Vermilion County, Illinois, United States",-87.6304614,40.125222,52.2315565631687,".Champaign-Urbana, IL Metro Area",Champaign-Urbana
376,".Lewiston, ID-WA Metro Area",Lewiston,ID-WA,"Lewiston, ID",Metro Area,64375,64378,64851,"Lewiston, Nez Perce County, Idaho, 83501, United States",-117.0216144,46.4195913,140.67961672115806,".Coeur d'Alene, ID Metro Area",Coeur d'Alene
377,".Walla Walla, WA Metro Area",Walla Walla,WA,"Walla Walla, WA",Metro Area,62584,62574,62682,"Walla Walla, Walla Walla County, Washington, 99362, United States",-118.339345,46.0667277,62.34578415874979,".Kennewick-Richland, WA Metro Area",Kennewick-Richland
378,".Enid, OK Metro Area",Enid,OK,"Enid, OK",Metro Area,62846,62629,61926,"Enid, Garfield County, Oklahoma, United States",-97.8791341,36.3967623,107.58120260854157,".Oklahoma City, OK Metro Area",Oklahoma City
379,".Carson City, NV Metro Area",Carson City,NV,"Carson City, NV",Metro Area,58639,58677,58993,"Carson City, Nevada, United States",-119.7575628,39.1698022,39.8432879694777,".Reno, NV Metro Area",Reno
